T,age,education,black,hispanic,married,nodegree,re75,loss_time,legal_issue,Y_cf0,Y_cf1
0,23,10,1,0,0,1,0,2.10952204,2.201479117,0,0
0,26,12,0,0,0,0,0,1.372352089,1.491449175,1,1
0,22,9,1,0,0,1,0,2.181924519,2.305299323,0,0
0,34,9,1,0,0,1,4368.413,2.221805641,2.34564354,1,1
0,18,9,1,0,0,1,0,1.885598476,1.846299177,1,1
0,45,11,1,0,0,1,0,1.725593882,1.596268801,1,1
0,18,9,1,0,0,1,0,2.628945017,2.755198237,1,1
0,27,12,1,0,0,0,2483.851,1.339992812,1.763059884,1,1
0,24,8,0,0,0,1,0,1.693862159,1.659520957,1,1
0,34,11,1,0,1,1,0,2.08144814,2.078222032,1,1
0,20,13,1,0,0,0,8965.243,0.69387254,0.853193301,1,1
0,24,4,0,1,0,1,0,1.783198182,1.800958757,1,1
0,28,12,0,0,0,0,803.343,0.549463641,0.781796567,1,1
0,21,10,1,0,0,1,922.5729,1.13843987,1.048382166,0,1
0,28,12,1,0,1,0,29009.11,-1.082123023,-1.481669797,1,1
0,20,12,1,0,0,0,6004.728,0.970676301,1.10345068,1,1
0,23,8,1,0,0,1,3403.056,1.412565503,1.33384469,0,1
0,21,11,1,0,1,1,7244.561,1.61313611,1.848888898,1,1
0,36,10,1,0,0,1,0,1.564216331,1.450084605,0,0
0,18,12,0,0,0,0,735.2051,0.458316962,0.282243389,1,1
0,21,14,1,0,0,0,0,2.719472057,2.651275726,1,1
0,30,13,1,0,0,0,5569.761,0.237802733,0.323200298,0,1
0,26,11,0,1,0,1,1491.016,1.510054119,1.692825444,0,1
0,28,9,1,0,0,1,0,1.536238705,1.363243056,0,0
0,31,4,0,0,0,1,10711.08,1.407783818,1.356251816,0,0
0,18,12,1,0,0,0,642.6645,1.606943415,1.747139311,1,1
0,27,7,1,0,1,1,0,1.495898015,1.35254421,0,0
0,19,11,0,0,0,1,0,2.093854438,2.147829,0,0
0,20,8,1,0,0,1,0,1.699369264,1.694472869,0,0
0,28,8,1,0,0,1,10610.08,1.552667993,1.649183754,1,1
0,34,12,1,0,0,0,0,1.295350154,1.280991943,1,1
0,24,10,1,0,0,1,0,2.587308259,2.904280108,1,1
0,24,9,1,0,0,1,0,1.962014959,1.956326626,1,1
0,22,8,0,1,0,1,0,1.510661661,1.435640198,1,1
0,25,11,1,0,0,1,0,2.302484708,2.424259167,1,1
0,20,11,0,0,0,1,1177.118,0.982108217,1.145845033,1,1
0,21,9,1,0,0,1,0,2.063073983,2.068522076,1,1
0,19,12,1,0,0,0,2814.195,0.703422931,0.507697452,1,1
0,39,9,1,0,0,1,0,1.182129099,1.336580151,0,0
0,19,9,1,0,1,1,0,2.039061658,2.066736832,1,1
0,24,10,1,0,0,1,1307.908,2.098148972,2.254358837,0,1
0,44,9,1,0,0,1,0,2.019154219,1.884203079,1,1
0,23,11,1,0,0,1,1896.023,1.627572683,1.754935382,1,1
0,22,12,1,0,0,0,532.2536,1.224555473,1.335097505,1,1
0,27,8,1,0,0,1,0,1.405636074,1.230661451,1,1
0,27,11,1,0,1,1,1122.621,1.095915591,1.161255531,1,1
0,18,9,1,0,0,1,1605.448,1.685836151,1.6678701,0,0
0,25,8,1,0,0,1,0,2.368706459,2.665368531,1,1
0,31,10,1,0,0,1,0,2.066256211,2.066566828,1,1
0,28,10,1,0,0,1,6567.329,0.813587384,0.905486074,1,1
0,26,10,1,0,1,1,558.7734,1.702972378,1.94854694,0,0
0,30,8,1,0,0,1,1706.657,1.589204624,1.640972859,0,0
0,28,11,0,1,1,1,0,1.516453266,1.41950264,1,1
0,34,10,1,0,1,1,0,2.15856155,2.116673306,0,0
0,21,7,0,1,0,1,0,2.313735835,2.649310439,0,0
0,33,12,1,0,0,0,0,2.065986488,2.120658609,1,1
0,19,9,1,0,0,1,1778.089,1.516404487,1.596316292,1,1
0,20,11,1,0,0,1,7967.209,1.538269437,1.626041989,0,1
0,18,10,0,1,0,1,0,2.067749869,2.176652407,1,1
0,27,12,1,0,1,0,752.3901,1.217773292,1.642461409,0,1
0,26,12,1,0,1,0,0,1.344905248,1.401803789,1,1
0,24,9,1,0,0,1,9662.67,1.648649197,1.739019566,0,1
0,31,12,1,0,0,0,0,1.228194402,0.889547813,1,1
0,22,12,1,0,0,0,2158.05,0.674029334,0.563516762,0,1
0,28,14,1,0,0,0,6539.537,0.707532893,0.993615831,1,1
0,35,10,1,0,0,1,0,2.394949531,2.601681884,1,1
0,20,12,1,0,0,0,0,1.80255225,1.818813552,0,0
0,30,9,0,0,0,1,3141.917,1.711227466,2.021623174,1,1
0,25,11,1,0,0,1,0,2.096696529,2.14887588,0,1
0,25,10,1,0,0,1,0,1.68588144,1.639015486,1,1
0,35,11,1,0,0,1,0,2.013030548,2.033804013,0,0
0,22,8,1,0,0,1,6150.52,2.408372105,2.840252008,0,1
0,21,12,1,0,0,0,449.0479,1.445173944,1.592585428,0,1
0,20,10,1,0,0,1,0,2.782491802,2.785018603,1,1
0,21,8,1,0,0,1,2237.208,0.857742411,0.815022766,1,1
0,25,9,0,1,0,1,0,2.208286286,2.371662882,1,1
0,24,10,0,1,0,1,3000.838,1.617343341,1.79315559,1,1
0,33,11,1,0,0,1,2899.82,1.177003258,1.242290535,1,1
0,21,9,1,0,0,1,12357.22,1.824739481,1.922914834,0,0
0,27,11,1,0,1,1,4491.884,0.206223588,0.174961958,0,1
0,27,10,1,0,0,1,0,1.85979871,1.793126122,1,1
0,20,11,0,1,0,1,0,2.069371178,2.13487659,1,1
0,25,13,1,0,0,0,10240.36,1.343675693,1.98611571,1,1
0,18,11,1,0,0,1,645.2723,1.698439811,1.668920553,1,1
0,26,11,1,0,0,1,0,1.556780836,1.524002674,1,1
0,38,8,1,0,0,1,0,1.681469118,1.63630082,0,0
0,21,11,1,0,1,1,7652.12,1.89726216,2.203236012,1,1
0,34,11,1,0,0,1,8912.484,1.313999162,1.51818995,1,1
0,21,10,1,0,0,1,1162.362,1.617560383,1.614570999,1,1
0,31,13,1,0,0,0,10393.61,0.561874116,0.739671066,1,1
0,34,10,1,0,0,1,0,1.953718235,1.924062749,1,1
0,25,11,1,0,0,1,3649.769,1.934072955,2.257515009,0,0
0,24,9,1,0,0,1,1275.356,1.579847976,1.600230703,1,1
0,19,12,1,0,0,0,0,1.705847741,1.701955509,0,0
0,32,8,1,0,0,1,0,1.77413597,1.744210366,1,1
0,20,9,0,1,0,1,0,1.554557353,1.222870382,1,1
0,23,10,1,0,0,1,0,2.048748262,2.155558299,0,0
0,38,10,1,0,0,1,0,2.047497867,2.013737834,1,1
0,24,11,1,0,0,1,0,1.942469607,1.941931609,0,1
0,19,10,0,1,0,1,1197.462,1.664262582,1.773794932,1,1
0,23,11,1,0,0,1,0,1.474072737,1.226047228,1,1
0,20,7,0,1,0,1,0,1.879812165,1.755540592,1,1
0,25,10,1,0,1,1,9319.444,1.206690811,1.415346673,0,1
0,21,11,1,0,0,1,0,1.583659869,1.616376955,1,1
0,25,10,1,0,0,1,0,1.884834601,1.879428233,0,0
0,22,11,1,0,1,1,0,2.118069911,2.172389501,1,1
0,29,9,0,1,0,1,16341.16,2.437291663,2.630474093,1,1
0,21,11,1,0,0,1,1862.889,1.792837205,1.911852681,1,1
0,21,7,1,0,0,1,0,2.092905442,2.101963122,1,1
0,23,11,1,0,0,1,0,1.920838515,1.908868007,0,1
0,20,12,1,0,0,0,1371.473,0.405707461,0.140662522,1,1
0,21,11,0,1,0,1,8920.471,1.48932699,1.696558203,1,1
0,26,12,1,0,0,0,7322.037,0.859914929,1.099177091,1,1
0,24,12,0,0,0,0,0,2.962750571,3.385143955,1,1
0,43,10,1,0,0,1,4128.443,1.228765373,1.089563576,1,1
0,31,11,1,0,0,1,1726.445,1.604906577,1.757228113,0,0
0,22,11,1,0,0,1,2707.372,1.669474061,1.800098762,1,1
0,29,11,1,0,0,1,0,1.591791178,1.259815205,0,0
0,24,11,1,0,0,1,0,2.372411754,2.657276804,1,1
0,22,9,1,0,0,1,0,2.21572195,2.260195814,1,1
0,19,11,1,0,0,1,8870.879,2.058309051,2.366684537,1,1
0,28,11,1,0,0,1,0,1.639828334,1.421731675,1,1
0,18,10,0,1,0,1,0,2.404115533,2.842197983,1,1
0,18,9,1,0,0,1,2138.094,1.338288812,1.118834457,1,1
0,26,10,1,0,0,1,0,2.201671361,2.248595531,1,1
0,25,10,1,0,0,1,0,2.851873569,3.335457672,1,1
0,26,12,1,0,0,0,8479.593,0.167231585,0.383328047,1,1
0,23,11,1,0,0,1,29897.19,1.162605732,1.335339423,1,1
0,20,8,0,1,0,1,1124.801,1.900159297,1.943074171,1,1
0,24,10,1,0,0,1,0,1.783347362,1.652030252,0,0
0,27,13,1,0,0,0,8797.348,-0.464649852,-0.614690654,1,1
0,26,5,1,0,0,1,0,2.015041677,2.019408348,0,0
0,37,10,1,0,0,1,8606.743,0.698280387,0.503672655,0,1
0,36,10,1,0,0,1,0,2.087331172,2.127788377,1,1
0,22,11,1,0,0,1,0,1.612574836,1.33033279,0,0
0,22,9,1,0,0,1,506.4076,2.507832659,2.635569366,1,1
0,25,12,1,0,0,0,0,1.426291036,1.371581144,1,1
0,22,10,1,0,0,1,1765.676,1.691908228,1.711528235,0,0
0,27,11,1,0,0,1,0,2.244609802,2.421338094,1,1
0,29,8,1,0,0,1,0,1.658819269,1.335192194,0,0
0,18,9,1,0,0,1,2006.629,1.997484621,2.057737149,1,1
0,24,12,1,0,0,0,0,2.377777521,2.661966478,0,0
0,27,9,0,1,0,1,1596.762,0.853466073,1.009828901,1,1
0,19,9,1,0,0,1,902.4565,1.933372706,2.031860069,1,1
0,22,10,1,0,0,1,0,2.05253475,2.121150847,0,0
0,29,12,1,0,0,0,1359.347,1.336640788,1.605284074,1,1
0,30,11,1,0,1,1,9311.938,0.447280348,0.408721827,1,1
0,22,7,1,0,0,1,13503.77,1.305006351,1.27523214,1,1
0,24,7,1,0,0,1,0,2.129934598,2.282495745,1,1
0,29,14,1,0,0,0,3357.185,0.477508368,0.677041173,1,1
0,29,12,1,0,0,0,0,1.826201279,1.88207913,1,1
0,22,11,1,0,0,1,1321.66,1.89118662,1.980613075,1,1
0,25,11,0,1,1,1,0,1.542213343,1.523488354,1,1
0,30,12,1,0,0,0,0,1.777738232,1.841783455,1,1
0,22,8,1,0,0,1,0,2.072928571,2.134262655,1,1
0,55,3,1,0,0,1,0,1.692277358,1.544726038,1,1
0,35,10,1,0,0,1,9902.763,2.272591369,2.298148469,1,1
0,20,10,1,0,0,1,0,2.215725273,2.220265197,1,1
0,29,9,1,0,0,1,1203.824,1.189519659,1.125585024,1,1
0,20,11,1,0,0,1,3470.389,1.919160508,2.197496242,1,1
0,27,9,1,0,0,1,2129.016,1.310235352,1.209944791,0,0
0,28,10,1,0,1,1,6449.48,1.589592307,1.96777711,1,1
0,20,11,1,0,0,1,2531.311,2.341828079,2.644846167,0,0
0,26,14,1,0,1,0,2025.566,-0.507583248,-0.551187968,0,0
0,19,8,0,1,0,1,1087.803,2.253213303,2.511123428,1,1
0,34,11,1,0,0,1,0,2.055548097,2.078974715,1,1
0,22,12,1,0,0,0,0,2.314268048,2.320022239,0,0
0,32,12,0,1,1,0,0,2.463559879,2.816591966,1,1
0,19,11,1,0,0,1,1868.021,1.669590896,1.748886561,0,1
0,31,10,1,0,0,1,0,1.616060639,1.461475685,0,0
0,18,9,1,0,0,1,0,1.616948726,1.477598655,0,0
0,28,10,1,0,0,1,4479.587,1.348445448,1.304549703,1,1
0,32,12,1,0,0,0,12419.18,0.383277042,0.449511615,1,1
0,50,10,0,1,0,1,0,1.978754752,1.721443548,0,0
0,20,12,1,0,0,0,591.8151,1.599796272,1.765283324,1,1
0,25,11,1,0,1,1,0,2.178365923,2.446289387,1,1
0,23,10,1,0,1,1,0,1.935598166,1.940052833,0,0
0,21,14,1,0,0,0,5926.795,1.573850313,1.870310367,1,1
0,38,10,1,0,0,1,0,1.757379136,1.723054439,0,0
0,25,7,0,1,0,1,1177.118,3.230877938,3.391872577,1,1
0,25,10,1,0,1,1,0,2.113226809,2.202873182,1,1
0,29,12,1,0,0,0,2080.209,0.419914709,0.550836216,1,1
0,42,10,1,0,0,1,0,1.45066067,1.171064353,1,1
0,39,12,1,0,1,0,0,1.514259051,1.483777639,1,1
0,27,11,1,0,1,1,20035.26,0.828811436,1.051897101,1,1
0,34,13,1,0,1,0,0,1.613670762,1.853367901,1,1
0,25,11,1,0,1,1,3266.406,1.538333949,1.883040844,1,1
0,28,10,1,0,0,1,10068.4,1.472064265,1.644349004,0,0
0,24,7,1,0,0,1,0,1.739056414,1.64649026,1,1
0,32,11,1,0,0,1,0,1.145488142,0.980053445,1,1
0,27,13,1,0,0,0,0,1.366544889,1.424269549,1,1
0,20,12,1,0,0,0,4932.215,1.674499909,1.970570525,1,1
0,29,13,1,0,0,0,2265.579,0.744985763,0.943857967,1,1
0,26,10,1,0,0,1,0,1.406425108,1.341379512,1,1
0,44,11,1,0,0,1,0,1.96786253,1.819351154,0,0
0,24,9,1,0,0,1,4118.681,1.932129549,2.08572857,1,1
0,28,10,0,0,1,1,6346.193,0.101928164,0.008339475,1,1
0,24,11,1,0,0,1,1327.993,1.752555768,1.881232969,1,1
0,25,11,1,0,0,1,0,1.961221266,1.96698308,1,1
0,25,8,1,0,1,1,515.8274,1.444450176,1.401199748,1,1
0,23,11,1,0,0,1,5716.407,1.794455896,2.016668405,1,1
0,20,11,1,0,0,1,1650.461,1.932822263,2.183122433,1,1
0,24,12,1,0,0,0,8100.533,1.659219988,1.951656606,1,1
0,20,11,0,0,1,1,8159.507,1.607242106,2.191096631,1,1
0,25,12,1,0,0,0,0,1.17439983,0.980306879,0,0
0,28,11,1,0,0,1,863.4795,1.149484263,1.296677889,0,1
0,28,12,1,0,1,0,0,1.817894606,1.891000083,0,1
0,21,12,0,0,0,0,5440.815,0.877254834,1.231539839,1,1
0,24,11,0,0,0,1,1468.383,1.501272992,1.792946159,1,1
0,32,10,1,0,0,1,0,3.788465209,4.249657988,0,0
0,21,10,1,0,1,1,1785.18,1.891251755,2.157205226,1,1
0,21,8,1,0,0,1,6608.304,2.217514617,2.500012145,1,1
0,25,10,1,0,1,1,11696.37,1.82584319,2.131133149,1,1
0,22,10,0,0,1,1,23031.98,1.235571176,1.709846899,1,1
0,22,10,1,0,0,1,0,1.85376908,1.772240582,0,0
0,19,9,1,0,0,1,0,2.344815836,2.283639135,1,1
0,31,10,1,0,1,1,0,1.655133209,1.449160196,0,0
0,23,11,1,0,0,1,0,1.866739613,1.79972888,0,0
0,22,11,1,0,0,1,875.2615,1.514761471,1.577803348,1,1
0,33,11,1,0,0,1,0,1.929758594,1.898928241,0,0
0,27,10,1,0,0,1,0,2.816829868,3.389283407,1,1
0,29,11,1,0,1,1,0,1.23235295,0.752286286,1,1
0,38,10,1,0,1,1,14701.95,1.150930266,1.392210691,1,1
0,20,6,1,0,0,1,2850.61,1.111877888,1.034687513,0,0
0,23,10,1,0,0,1,0,1.816052074,1.73980108,0,0
0,29,11,1,0,0,1,3256.165,1.901438601,2.219051375,1,1
0,26,9,1,0,0,1,6955.054,1.724343829,1.843774172,1,1
0,25,9,1,0,1,1,0,1.622319081,1.303314313,1,1
0,24,11,1,0,0,1,13370.58,1.081216233,1.361832975,1,1
0,25,10,1,0,0,1,0,2.230606928,2.352218223,1,1
0,23,11,0,0,0,1,19995.64,0.679097334,0.868303361,1,1
0,25,13,1,0,0,0,3751.048,0.920839807,1.163886791,1,1
0,20,9,1,0,0,1,9164.449,1.829276908,1.922752973,1,1
0,25,11,1,0,0,1,3072.726,1.341073498,1.356402921,1,1
0,29,12,0,0,0,0,12205.14,1.005693464,1.81154663,1,1
0,25,9,1,0,1,1,16946.63,1.676346923,2.024234807,1,1
0,23,11,1,0,0,1,580.7901,1.134255892,0.648171434,0,1
0,44,9,1,0,1,1,10857.24,1.174313444,0.943534917,1,1
0,22,12,1,0,1,0,9352.199,0.102379021,0.12334085,1,1
0,20,11,0,0,0,1,1159.131,1.925321597,2.268295438,0,1
0,36,11,1,0,0,1,7311.561,0.795668789,0.785452869,0,0
0,24,10,1,0,0,1,0,1.916014503,1.895241154,0,0
0,28,8,0,0,0,1,0,2.112210939,2.14355126,1,1
0,39,11,1,0,0,1,83.68964,2.11683797,1.938891897,0,0
0,27,12,0,1,0,0,24276.97,-0.517823669,-0.518053901,1,1
0,31,10,1,0,0,1,520.4463,1.594758532,1.603680162,1,1
0,26,6,1,0,0,1,0,1.792259599,1.713962125,1,1
0,30,11,1,0,1,1,24105.39,0.326808504,0.388239205,1,1
0,31,8,1,0,0,1,4577.68,2.658514307,2.643500493,1,1
0,26,8,1,0,0,1,5562.598,1.943647695,2.085246961,1,1
0,26,10,1,0,1,1,9107.431,0.56317083,0.6335199,1,1
0,24,12,1,0,0,0,159.8847,1.857712089,2.187588727,0,0
0,25,11,1,0,0,1,2455.067,2.504247028,2.802017424,1,1
0,29,9,1,0,0,1,9160.693,1.985053163,2.398079742,0,1
0,30,14,1,0,1,0,0,0.043305581,0.184486375,1,1
0,25,10,1,0,1,1,0,1.76592832,1.638694556,0,0
0,41,12,1,0,0,0,9818.467,1.058045148,1.115829281,0,0
0,29,11,1,0,1,1,0,1.618017185,1.498753189,0,0
0,25,12,1,0,1,0,0,1.84934372,1.962516459,0,0
0,28,13,1,0,0,0,0,2.118505393,2.117667365,0,1
0,23,11,1,0,0,1,0,1.636809971,1.428556603,1,1
0,54,11,1,0,0,1,0,1.873250066,1.487864764,1,1
0,33,5,0,1,0,1,0,0.689928964,0.472090051,0,1
0,31,12,0,0,0,0,494.643,-0.226980378,-0.415521023,0,0
0,34,12,1,0,0,0,4087.214,0.406354084,0.361708088,1,1
0,50,8,1,0,1,1,5630.05,0.596348966,-0.250200333,1,1
0,31,11,1,0,0,1,7505.213,2.065455559,2.556129725,1,1
0,36,12,0,1,0,0,11491.95,-1.048564339,-1.43427585,1,1
0,20,8,1,0,0,1,0,1.775138153,1.748641833,1,1
0,24,12,0,0,1,0,24294.75,-0.517243362,-0.436095597,1,1
0,23,12,0,1,0,0,8960.684,1.725708027,1.885842631,1,1
0,26,13,0,0,0,0,5395.119,-1.140220987,-1.127310616,1,1
0,28,11,0,0,0,1,3200.912,1.545237536,2.181647575,1,1
0,45,9,1,0,0,1,0,1.93015332,1.82113506,1,1
0,23,10,1,0,1,1,9854.153,0.916087739,1.09857774,0,0
0,28,11,1,0,0,1,13371.25,1.567532154,1.851518594,0,0
0,26,11,1,0,1,1,4184.732,1.355329705,1.642819184,0,0
0,22,10,1,0,0,1,2174.955,1.596138829,1.48055694,1,1
0,27,13,0,0,0,0,474.5018,0.32871597,0.532312163,1,1
0,27,12,0,1,0,0,2677.771,0.446519446,0.583934319,1,1
0,39,6,1,0,0,1,0,2.029664984,1.989609827,0,0
0,25,11,1,0,0,1,0,2.23086241,2.322330164,0,0
0,31,11,1,0,0,1,18291.41,2.092419447,2.148322609,0,0
0,22,12,1,0,0,0,2003.68,0.543399401,0.594992799,1,1
0,22,10,1,0,0,1,13732.98,2.358412511,2.668166165,1,1
0,28,10,1,0,0,1,367.8234,1.033300995,1.049376667,1,1
0,31,11,1,0,0,1,6382.587,1.229730037,1.377784711,0,0
0,27,10,1,0,1,1,11280.71,1.538538796,1.872107381,0,0
0,28,11,1,0,1,1,5393.895,1.274883435,1.571763879,1,1
0,26,12,1,0,0,0,0,1.449732608,1.392833565,0,0
0,27,12,1,0,0,0,32984.25,0.358897353,0.510039575,1,1
0,27,12,0,0,0,0,5035.444,-0.199590529,-0.153303429,0,1
0,36,12,1,0,0,0,142.3973,0.702316356,0.623167647,0,0
0,26,8,1,0,1,1,4084.258,2.151145807,2.285020738,0,0
0,23,9,1,0,1,1,19289.85,1.697164752,1.959449661,1,1
0,23,10,1,0,0,1,0,1.749102615,1.585971843,0,0
0,31,12,1,0,0,0,5613.909,1.104728273,1.494479206,0,0
0,36,7,1,0,0,1,1606.662,1.940273949,1.941166895,1,1
0,39,12,1,0,1,0,6608.137,0.204301442,0.1655858,1,1
0,35,11,1,0,1,1,8720.905,1.044814674,1.266790418,0,1
0,21,9,0,0,0,1,1577.167,1.209176694,1.337110308,1,1
0,36,11,0,1,0,1,3063.878,0.686855349,0.630746577,1,1
0,27,12,0,0,0,0,0,1.88970873,1.958682862,1,1
0,26,11,1,0,0,1,1174.991,1.849276182,2.149825477,1,1
0,28,9,1,0,1,1,9210.447,1.366546726,1.576944109,1,1
0,33,9,0,1,1,1,0,1.884397555,1.864209457,0,0
0,28,11,1,0,1,1,10033.91,1.718651785,2.015473445,0,0
0,22,11,1,0,0,1,6974.484,1.40098805,1.533794623,1,1
0,25,11,1,0,0,1,4284.429,1.837891959,2.031602195,1,1
0,25,10,1,0,1,1,0,1.854181707,1.817108656,0,0
0,27,11,1,0,0,1,766.2986,1.552673898,1.668537293,0,0
0,26,8,0,0,1,1,36941.27,1.394486902,2.08927625,1,1
0,28,12,1,0,1,0,5551.456,0.66989018,1.133512993,1,1
0,25,10,0,0,0,1,8140.402,1.690916457,2.026323662,1,1
0,22,10,0,0,0,1,10598.67,1.97793707,2.162140359,1,1
0,23,8,1,0,0,1,0,1.982430647,1.980927738,1,1
0,20,12,0,0,0,0,3104.815,1.17232718,1.436884646,1,1
0,19,11,1,0,0,1,3285.68,1.651626001,1.699892378,1,1
0,17,9,0,1,0,1,671.2271,2.03840742,2.134909785,1,1
0,19,11,1,0,0,1,5160.259,1.686253766,1.795985681,0,1
0,18,11,1,0,0,1,4152.609,1.808252722,1.927686911,1,1
0,17,10,0,1,0,1,1239.628,1.984178562,2.281459025,1,1
0,20,11,1,0,0,1,3248.937,1.405765914,1.445975729,1,1
0,18,8,1,0,0,1,0,2.765712617,2.798038231,1,1
0,20,10,1,0,0,1,3677.588,1.558481055,1.446319785,1,1
0,18,11,1,0,0,1,2041.363,1.204007431,1.443890511,1,1
0,19,10,0,1,0,1,2275.368,2.027788175,2.540846637,1,1
0,17,8,1,0,0,1,0,2.243733592,2.38280187,1,1
0,17,10,0,1,0,1,1734.559,1.947788083,2.143733968,1,1
0,18,10,1,0,0,1,2682.125,2.005191183,2.32866146,0,0
0,18,10,1,0,0,1,240.1067,1.905061849,1.931787148,1,1
0,19,11,0,1,1,1,308.2192,1.244636115,1.34108349,0,0
0,18,11,1,0,0,1,8784.237,1.769520197,1.898423698,1,1
0,19,11,1,0,0,1,1615.901,1.541925838,1.444887323,1,1
0,19,10,1,0,0,1,963.9971,2.061065769,2.407172146,1,1
0,19,9,0,1,0,1,0,1.932283383,1.874461093,1,1
0,18,10,1,0,0,1,1642.365,1.494723292,1.461268142,0,0
0,18,10,1,0,0,1,0,1.831710606,1.779341491,1,1
0,17,11,1,0,0,1,3796.029,2.009878289,2.127086451,0,0
0,18,6,0,1,0,1,6142.681,1.68414479,1.599125768,1,1
0,19,11,1,0,0,1,2445.589,1.449898069,1.386762583,1,1
0,18,8,0,1,0,1,0,2.043525416,2.120849434,1,1
0,18,11,1,0,0,1,0,2.086304258,2.100209887,1,1
0,17,11,1,0,0,1,0,1.757907094,1.678227646,1,1
0,19,10,1,0,0,1,0,1.729550144,1.661532664,1,1
0,19,10,1,0,0,1,0,2.092378554,2.087702204,1,1
0,18,9,1,0,0,1,0,1.387976214,1.209611415,1,1
0,18,10,1,0,0,1,2285.03,1.242295246,1.117592868,1,1
0,18,11,1,0,0,1,2292.171,1.48739604,1.564918449,1,1
0,18,10,1,0,0,1,273.5525,1.849765609,1.81492192,1,1
0,18,9,0,1,0,1,2684.91,1.954295891,2.077067124,1,1
0,18,9,1,0,0,1,0,2.586371463,2.995420642,1,1
0,18,12,1,0,0,0,1405.512,1.940087137,2.088375511,0,0
0,18,9,0,1,0,1,1646.51,1.774886235,1.79600139,1,1
0,19,11,1,0,0,1,393.8598,1.839941188,1.895800547,1,1
0,18,7,0,1,1,1,2672.202,1.270754152,1.278927784,1,1
0,19,11,0,0,0,1,823.2544,1.602130861,1.763368635,1,1
0,18,8,0,1,0,1,2483.852,1.74814878,1.778824132,1,1
0,17,8,1,0,0,1,1178.219,2.075956201,2.124200019,1,1
0,18,10,1,0,0,1,0,1.605363426,1.490976818,1,1
0,17,10,1,0,0,1,1726.439,2.102755114,2.177788213,1,1
0,17,10,1,0,0,1,664.569,2.390744922,2.876602022,0,0
0,20,10,1,0,0,1,690.192,1.81011239,1.846588245,1,1
0,18,10,1,0,0,1,1428.144,2.001399091,2.08603843,1,1
0,19,11,1,0,0,1,705.1964,2.006358267,2.188225626,0,0
0,17,10,1,0,0,1,0,1.822815075,1.723523363,1,1
0,18,7,1,0,0,1,0,2.068177596,2.11599527,1,1
0,18,11,1,0,0,1,0,1.973581239,1.974702045,1,1
0,20,9,1,0,0,1,2483.852,1.889914322,1.961460528,0,1
0,19,10,0,1,0,1,0,1.747064384,1.481437408,0,1
0,18,9,1,0,0,1,0,1.991631474,1.991369367,0,0
0,17,10,1,0,0,1,0,2.171059897,2.266057003,0,1
0,17,11,1,0,0,1,1156.797,2.441397808,2.729658751,1,1
0,17,10,1,0,0,1,0,2.349699154,2.594007327,1,1
0,18,9,1,0,0,1,490.4656,2.381784304,3.168534738,1,1
0,19,11,1,0,0,1,0,1.541647977,1.428301093,0,0
0,17,8,0,0,0,1,0,2.401042484,2.487947364,1,1
0,18,10,1,0,0,1,0,2.057557854,2.078361515,1,1
0,18,9,1,0,0,1,0,2.879241981,3.166260715,0,0
0,17,9,1,0,0,1,2595.267,1.610110182,1.440542336,0,0
0,17,8,1,0,0,1,0,1.716063054,1.602915091,1,1
0,17,8,1,0,0,1,2036.79,1.674817133,1.630580382,0,0
0,19,9,0,1,0,1,2750.841,1.230778335,0.61946172,1,1
0,17,9,1,0,0,1,620.9627,1.745501301,1.676742191,1,1
0,19,10,1,0,0,1,1428.144,1.647835903,1.46957677,1,1
0,19,6,0,1,0,1,0,2.015981136,2.076389364,1,1
0,20,11,1,0,0,1,1633.202,1.867899349,2.003188678,1,1
0,19,10,0,0,0,1,0,2.774098046,3.246356296,1,1
0,17,11,0,0,0,1,0,2.495502977,2.605817181,0,0
0,18,9,0,0,0,1,559.596,1.525677845,1.547087858,1,1
0,20,11,1,0,0,1,7666.875,1.240147462,1.321840621,1,1
0,20,10,1,0,0,1,2856.287,2.025948947,2.200813951,1,1
0,20,9,1,0,0,1,0,1.32557099,1.109823806,1,1
0,19,9,1,0,0,1,2642.067,2.517219977,3.062294751,1,1
0,18,10,1,0,0,1,2456.994,2.217534231,2.446514985,1,1
0,19,11,1,0,0,1,4503.064,1.496103963,1.617252627,0,0
0,17,9,1,0,0,1,0,1.375530569,1.056390846,0,0
0,18,9,1,0,0,1,1413.863,2.390871172,2.675491381,1,1
0,17,11,1,0,0,1,165.2077,1.864654477,1.870346784,1,1
0,17,10,1,0,0,1,0,2.457572818,2.775275984,1,1
0,19,10,1,0,0,1,604.1539,1.371982713,0.960427671,0,1
0,17,10,0,1,0,1,1168.902,1.59077721,1.647238089,1,1
0,20,9,1,0,0,1,9691.033,1.808290052,1.896906083,1,1
0,17,9,1,0,0,1,0,2.000277481,2.009761468,1,1
0,19,11,1,0,0,1,0,1.716133606,1.708161764,0,0
0,17,10,0,0,0,1,2465.613,2.024925582,2.16622818,1,1
0,19,10,1,0,1,1,0,1.513361659,1.539100745,1,1
0,20,9,1,0,0,1,0,1.906809761,1.923474674,1,1
0,18,11,1,0,0,1,1170.327,1.864934874,1.971815822,1,1
0,18,10,0,1,1,1,1922.625,1.844520346,2.040993701,1,1
0,18,9,1,0,0,1,0,2.273293781,2.31840386,1,1
0,18,11,1,0,0,1,0,1.421917063,1.408015144,0,0
0,20,10,1,0,0,1,2749.977,1.085693796,1.091605393,1,1
0,17,10,0,1,0,1,0,2.484232969,2.494929343,1,1
0,19,11,1,0,0,1,0,2.146394185,2.173532231,0,0
0,19,9,1,0,0,1,1537.929,1.562381038,1.451039956,1,1
0,17,10,1,0,0,1,0,2.578919844,3.009014223,1,1
0,20,11,1,0,0,1,8012.085,1.717884681,1.901344677,1,1
0,17,8,1,0,0,1,768.8102,2.382020972,2.700350165,1,1
0,18,8,0,0,0,1,1345.909,1.821139586,1.918333321,1,1
0,20,10,1,0,0,1,825.2301,2.640244874,2.958597052,0,0
0,17,9,0,1,0,1,0,2.648241273,2.98847764,1,1
0,17,9,1,0,0,1,1206.441,1.791891179,1.83305924,0,1
0,19,11,1,0,0,1,0,2.49794617,2.606216947,0,0
0,18,10,1,0,0,1,0,2.264301143,2.407587663,1,1
1,37,11,1,0,1,1,0,2.580995848,2.766597794,0,1
1,22,9,0,1,0,1,0,1.749413597,1.485996607,0,1
1,30,12,1,0,0,0,0,2.188124874,2.147449633,0,1
1,27,11,1,0,0,1,0,2.364355598,2.414582088,0,1
1,33,8,1,0,0,1,0,1.445850537,1.129515236,1,1
1,22,9,1,0,0,1,0,1.416893307,1.493759071,1,1
1,23,12,1,0,0,0,0,0.826031491,0.63055402,0,0
1,32,11,1,0,0,1,0,1.869941096,1.75082274,0,1
1,22,16,1,0,0,0,0,2.124056957,2.25540748,1,1
1,33,12,0,0,1,0,0,2.113840807,2.370985235,1,1
1,19,9,1,0,0,1,0,2.015945585,2.025514324,0,1
1,21,13,1,0,0,0,0,2.652891,2.696656182,1,1
1,18,8,1,0,0,1,0,1.416429256,1.377675736,0,0
1,27,10,1,0,1,1,0,1.444703683,1.129122635,0,1
1,17,7,1,0,0,1,0,1.968342695,1.962304957,1,1
1,19,10,1,0,0,1,0,2.133158224,2.235640616,1,1
1,27,13,1,0,0,0,0,1.791699664,1.820436947,0,1
1,23,10,1,0,0,1,0,0.939128632,1.212979748,0,1
1,40,12,1,0,0,0,0,1.731285312,1.631614925,0,1
1,26,12,1,0,0,0,0,1.173538346,1.151613983,0,1
1,23,11,1,0,0,1,0,2.32467372,2.316257433,0,0
1,41,14,0,0,0,0,0,1.449322056,1.354214055,0,1
1,38,9,0,0,0,1,0,1.495687414,1.569012564,0,1
1,24,11,1,0,0,1,0,1.744684791,1.733469865,0,1
1,33,11,1,0,0,1,7867.916,1.17551942,1.148897608,1,1
1,18,10,1,0,0,1,0,1.95869809,1.945398743,0,1
1,29,11,1,0,1,1,0,2.323457485,2.532186905,0,1
1,25,11,1,0,0,1,0,1.624042376,1.381148361,0,1
1,27,10,0,1,0,1,0,2.146093486,2.214780462,0,1
1,17,10,1,0,0,1,0,1.698754539,1.661772729,1,1
1,24,11,1,0,0,1,0,1.622757186,1.639797555,0,1
1,17,10,1,0,0,1,0,1.930236776,1.925631581,0,0
1,26,11,1,0,1,1,2754.646,1.16662354,1.240819382,1,1
1,48,4,1,0,0,1,0,1.649940481,1.69038032,1,1
1,25,11,1,0,1,1,0,1.374348175,1.302924972,1,1
1,20,12,1,0,0,0,0,2.939298831,3.185024037,0,0
1,25,12,1,0,0,0,0,1.893295494,1.911567731,0,1
1,42,14,1,0,0,0,0,1.212530562,1.082172158,0,1
1,25,5,1,0,0,1,0,2.065441716,2.098652706,0,1
1,23,12,1,0,1,0,0,1.76800836,1.802729499,0,1
1,46,8,1,0,1,1,0,1.859484205,1.81209638,0,1
1,24,10,1,0,0,1,0,2.233363117,2.372308083,0,0
1,21,12,1,0,0,0,0,2.248495275,2.475565957,0,1
1,19,9,0,0,0,1,0,1.723121804,1.703788365,0,1
1,17,8,1,0,0,1,0,1.705887795,1.639527813,0,1
1,18,8,0,1,1,1,0,1.905358539,1.865456788,1,1
1,20,11,1,0,0,1,0,1.014339966,0.443008089,0,1
1,25,11,1,0,1,1,0,1.223661019,1.232577428,0,0
1,17,8,1,0,0,1,0,2.676773496,2.881278722,0,0
1,17,9,1,0,0,1,0,2.853057486,2.893365686,0,0
1,25,5,1,0,0,1,0,1.910724231,1.891113472,0,1
1,23,12,1,0,0,0,0,2.191487494,2.305110135,1,1
1,28,8,1,0,0,1,0,2.10500676,2.170013831,0,0
1,31,11,1,0,1,1,0,3.175660472,3.732495499,0,1
1,18,11,1,0,0,1,0,2.518475972,2.529691684,0,0
1,25,12,1,0,0,0,0,1.795194872,1.800158879,0,1
1,30,11,1,0,1,1,0,1.485740597,1.347682756,0,1
1,17,10,1,0,0,1,0,1.110137991,1.025516311,0,0
1,37,9,1,0,0,1,0,2.04592882,2.018778026,0,1
1,41,4,1,0,1,1,0,1.673230528,1.750561012,0,1
1,42,14,1,0,1,0,0,0.690070393,0.110040989,0,1
1,22,11,0,0,0,1,0,1.653538083,1.581516115,1,1
1,17,8,1,0,0,1,0,1.453142806,1.323692471,0,0
1,29,8,1,0,0,1,0,2.700391016,2.736712267,0,1
1,28,10,1,0,0,1,2836.506,2.120636007,2.200870233,0,1
1,35,10,1,0,0,1,0,1.949720097,1.929013762,0,1
1,27,11,1,0,0,1,0,2.525115931,2.72064327,0,1
1,29,4,1,0,0,1,0,2.0283566,2.022452328,0,1
1,28,9,1,0,0,1,0,1.624031346,1.532728558,0,1
1,27,11,1,0,0,1,0,2.541584015,2.644864784,0,0
1,23,7,0,0,0,1,0,2.159096685,2.293511592,0,0
1,45,5,1,0,1,1,0,1.488744545,1.45476479,0,1
1,29,13,1,0,0,0,0,1.688381309,1.723780389,1,1
1,27,9,1,0,0,1,0,1.685720958,1.485715878,0,0
1,46,13,1,0,0,0,0,1.058816622,0.398015159,0,1
1,18,6,1,0,0,1,0,2.380137908,2.547264126,0,0
1,25,12,1,0,0,0,0,3.019991751,3.199203,0,1
1,28,15,1,0,0,0,0,0.87988,0.847732449,1,1
1,31,9,1,0,0,1,1698.607,2.047814201,2.06882498,0,1
1,25,11,0,0,0,1,0,1.580317321,1.538848776,0,1
1,22,12,1,0,0,0,0,1.679847036,1.608064148,1,1
1,28,11,1,0,0,1,1284.079,1.653937358,1.496943931,0,1
1,21,9,1,0,0,1,0,1.628820689,1.476285808,0,0
1,40,11,1,0,0,1,0,1.956026469,1.902361236,0,1
1,22,11,1,0,0,1,0,1.520295811,1.573443854,0,1
1,25,12,1,0,0,0,0,2.034688095,2.075446698,0,0
1,27,9,1,0,1,1,934.4454,1.785722842,1.862988129,0,1
1,23,10,1,0,1,1,936.4386,1.77027247,1.806695963,0,1
1,29,10,1,0,0,1,4398.95,1.355162174,1.513888602,0,0
1,18,12,1,0,0,0,0,1.579557674,1.70819583,1,1
1,38,12,0,0,0,0,0,1.881520143,1.979182991,1,1
1,27,13,1,0,0,0,0,2.037975881,2.111096291,0,0
1,27,8,1,0,0,1,0,1.671368985,1.463515692,0,0
1,38,11,1,0,0,1,0,1.970230232,1.950782548,0,0
1,23,8,0,1,0,1,0,2.184384773,2.379725622,1,1
1,26,11,1,0,0,1,0,1.417309995,1.072576042,0,1
1,42,9,1,0,1,1,3058.531,1.769462227,1.872753368,1,1
1,21,12,0,0,0,0,0,1.475747975,1.466684378,0,1
1,25,8,1,0,0,1,0,2.165972436,2.341049489,0,0
1,31,11,1,0,1,1,0,1.600248442,1.503560768,0,1
1,17,10,1,0,0,1,0,1.001604438,0.809919364,0,0
1,19,8,1,0,0,1,2657.057,1.493886899,1.300433058,0,1
1,29,14,1,0,0,0,679.6734,1.141098593,1.328342922,1,1
1,25,11,1,0,0,1,0,2.056710371,2.116944542,0,0
1,21,12,1,0,0,0,0,1.501293721,1.494817768,0,1
1,44,11,1,0,0,1,0,2.206848955,2.105306074,0,0
1,19,10,1,0,0,1,385.2741,1.346119137,1.137169659,0,1
1,25,12,0,0,0,0,0,1.698882487,1.765054465,0,1
1,18,10,1,0,0,1,798.9079,1.376522106,1.400150926,0,1
1,18,9,1,0,0,1,0,1.705205854,1.664248661,0,1
1,19,9,1,0,0,1,798.9079,1.966860369,1.997421601,0,1
1,18,9,1,0,0,1,3287.375,1.489515957,1.473748652,0,1
1,26,11,1,0,1,1,1392.853,1.489858892,1.602561901,1,1
1,42,12,1,0,0,0,0,2.204995654,2.327373928,0,1
1,25,10,1,0,0,1,0,1.78770231,1.616509738,0,0
1,31,9,0,1,0,1,0,2.39534778,2.472195631,0,1
1,24,10,1,0,0,1,0,1.505038725,1.317285937,0,0
1,26,10,1,0,0,1,0,2.129232816,2.320810126,0,1
1,20,12,1,0,0,0,377.5686,2.399484836,2.822561231,0,1
1,19,10,0,0,0,1,5324.109,0.867583247,0.756584076,1,1
1,25,11,1,0,0,1,0,1.689642067,1.631145766,0,1
1,23,8,0,0,1,1,1713.15,1.925008438,2.223183625,1,1
1,31,12,0,0,0,0,2611.218,0.533989533,0.65624738,1,1
1,18,11,1,0,0,1,0,2.160669703,2.220949557,0,1
1,19,11,1,0,0,1,0,1.733977702,1.637007792,0,1
1,43,9,1,0,0,1,0,2.003322869,1.948821365,0,0
1,27,13,1,0,0,0,0,1.734939948,1.776257966,0,1
1,26,11,0,0,0,1,2226.266,2.168940066,2.312926017,0,1
1,29,10,0,1,0,1,8853.674,1.738247094,1.898396583,0,1
1,17,9,1,0,0,1,0,2.168371494,2.214990549,0,1
1,30,11,1,0,0,1,0,1.799904736,1.734389724,0,0
1,17,10,1,0,0,1,156.9491,1.755771002,1.801382817,1,1
1,20,12,0,0,1,0,8644.156,0.383345698,0.550218911,1,1
1,17,9,1,0,0,1,375.1047,2.155480276,2.21149732,0,1
1,18,12,1,0,0,0,562.657,1.589510366,1.563374844,0,0
1,21,11,0,1,0,1,1395.39,1.933035656,2.018252076,0,0
1,30,11,1,0,0,1,1913.034,2.307880467,2.439140127,0,0
1,18,11,0,1,0,1,5491.535,2.061904215,2.34380934,1,1
1,20,12,1,0,0,0,9227.559,1.407221089,1.470836497,0,0
1,20,6,0,1,1,1,10802.98,2.361105292,2.738142858,0,1
1,20,10,1,0,0,1,11073.09,1.660150582,1.686500529,0,0
1,25,8,1,0,0,1,37431.66,1.218675793,0.910543268,1,1
1,17,9,0,0,0,1,1618.15,1.425056656,1.532307144,0,1
1,18,10,0,1,0,1,2589.042,1.060734206,1.025743865,0,0
1,19,9,0,1,0,1,6511.124,1.719359092,1.702058098,0,1
1,19,11,1,0,0,1,192.7995,1.93876809,1.962066808,0,1
1,27,10,0,1,0,1,421.3024,2.542362324,2.556255837,0,1
1,18,12,0,1,0,0,535.5533,1.825314917,2.003348587,0,1
1,22,11,1,0,0,1,606.9609,1.806834612,1.800367609,0,1
1,20,9,1,0,0,1,660.5159,2.205447863,2.37784818,0,1
1,20,11,1,0,0,1,696.2192,1.228584483,0.766580281,0,0
1,18,10,1,0,0,1,699.7896,2.038922266,2.096673748,1,1
1,17,10,1,0,0,1,856.8864,2.258701793,2.344007654,0,1
1,26,12,1,0,0,0,1088.907,0.71923546,0.718889124,1,1
1,22,10,1,0,0,1,1071.108,2.238823543,2.384201802,0,1
1,20,12,1,0,0,0,1160.366,1.811712225,1.968414587,0,1
1,18,8,1,0,0,1,1199.641,1.810305428,1.745419919,0,0
1,18,9,1,0,0,1,1285.33,2.201997599,2.281403409,0,1
1,18,10,1,0,0,1,1371.017,2.795843675,3.099458753,0,1
1,19,10,1,0,0,1,1374.587,2.004098934,2.071846821,0,1
1,18,9,0,1,0,1,1713.773,2.002038457,2.084746195,0,1
1,17,10,0,1,0,1,2202.796,1.731795876,1.689447229,1,1
1,19,11,1,0,0,1,1927.995,1.648799835,1.476312798,1,1
1,27,11,1,0,1,1,2142.217,1.895073699,2.113281063,1,1
1,19,10,1,0,0,1,3213.113,1.47178885,1.405963378,1,1
1,19,9,0,1,0,1,3276.15,1.908287862,1.974119913,1,1
1,27,10,1,0,0,1,3213.322,1.661657901,1.608071159,0,1
1,21,11,1,0,1,1,4167.998,1.901465684,2.150905651,1,1
1,29,10,1,0,1,1,4923.263,1.71205238,1.897313342,1,1
1,34,11,0,1,0,1,4641.467,1.847713241,2.165737847,0,1
1,25,10,0,0,0,1,4712.874,1.334241662,1.433857863,1,1
1,31,13,0,0,0,0,5498.35,0.033304766,0.145076405,1,1
1,41,9,1,0,1,1,5783.981,1.102753071,0.889365371,0,0
1,21,11,0,1,0,1,6658.562,1.630786064,1.612437114,1,1
1,20,11,1,0,0,1,6426.646,2.025920149,2.100650859,1,1
1,24,12,0,1,1,0,7212.11,1.226272299,1.580129977,1,1
1,41,9,1,0,1,1,7212.12,1.077610262,1.042278505,1,1
1,21,12,0,0,0,0,7390.634,1.527623938,1.993306943,1,1
1,22,11,1,0,0,1,7497.752,2.412968029,2.617035314,1,1
1,20,9,0,1,0,1,8015.442,2.035451771,2.187453616,1,1
1,17,11,1,0,0,1,8497.436,2.496095944,3.042789248,0,1
1,24,11,1,0,0,1,9180.92,1.475411676,1.610690291,0,0
1,23,12,1,0,1,0,15079.95,0.249596454,0.17042246,1,1
1,23,10,1,0,0,1,15709.56,1.192294287,0.857610181,1,1
1,26,11,0,0,0,1,22959.76,1.866600071,2.606759696,0,1
1,21,13,1,0,0,0,24806.83,1.606416401,1.877752186,1,1
1,18,10,1,0,1,1,1958.096,1.847171486,1.898717285,0,1
1,22,10,1,0,0,1,653.9542,1.997735611,2.073620563,0,1
1,17,10,1,0,0,1,1000.55,1.501799477,1.305617034,1,1
1,20,7,1,0,0,1,1569.49,3.286387907,3.432770729,0,1
1,17,9,1,0,0,1,1667.583,1.978925218,2.042287438,0,1
1,23,11,1,0,0,1,1961.864,1.855049313,1.958051535,1,1
1,32,10,1,0,0,1,2321.537,1.982637712,2.264929911,1,1
1,19,12,1,0,0,0,2534.072,1.890826558,2.095249531,0,1
1,30,10,1,0,0,1,2615.817,1.87256079,1.98094272,0,0
1,25,12,1,0,0,0,2746.608,0.988572614,1.119204135,1,1
1,26,11,0,0,0,1,4676.457,1.704440892,1.86565104,1,1
1,19,10,1,0,0,1,3473.808,2.804211147,2.907945731,0,1
1,19,8,0,0,0,1,3416.907,2.363701145,2.745073998,0,1
1,20,10,1,0,0,1,5100.839,2.324484163,2.801505682,0,1
1,21,11,1,0,0,1,5310.107,1.71047372,1.725274954,0,1
1,23,12,1,0,0,0,7841.972,1.007282525,1.218269731,1,1
1,19,11,1,0,0,1,6409.027,1.797506319,1.853039611,0,1
1,22,11,1,0,0,1,8774.791,1.808774229,1.912925868,1,1
1,23,12,1,0,0,0,7782.042,1.760584621,2.210605181,1,1
1,26,10,1,0,1,1,8141.703,0.746205546,0.853772981,1,1
1,24,12,1,0,0,0,12982.34,1.906291422,2.521513682,0,0
1,18,10,0,1,0,1,12625.51,1.774160337,1.824650001,0,0
1,27,11,1,0,0,1,14223.5,1.4987361,1.579995888,0,1
1,21,11,0,1,0,1,17983.71,1.280685208,1.234565604,1,1
1,25,8,0,0,0,1,23096.65,0.624414738,0.957290092,1,1
1,21,12,1,0,0,0,807.9511,2.067753468,2.214837616,0,1
1,19,11,1,0,0,1,532.2536,1.945002458,1.984087319,0,0
1,18,11,1,0,0,1,851.6061,1.291123125,1.266789436,0,0
1,34,7,1,0,0,1,857.5195,1.455896132,1.295896729,0,0
1,21,11,0,0,0,1,946.2279,1.594791416,1.647677351,1,1
1,25,9,1,0,0,1,1536.503,2.544276671,2.931399601,0,1
1,17,9,1,0,0,1,1341.651,1.871429761,1.833741647,1,1
1,28,8,1,0,0,1,1182.786,1.317813459,1.12363892,1,1
1,18,9,1,0,0,1,1182.786,1.858063267,1.8437082,1,1
1,27,12,1,0,0,0,4310.455,1.236015295,1.357032223,0,0
1,23,9,1,0,0,1,1774.18,1.080156487,0.273341466,0,1
1,19,8,0,1,0,1,1862.889,1.897946539,1.920017082,0,1
1,21,11,1,0,0,1,2158.585,1.762730838,1.789221589,0,0
1,21,11,1,0,0,1,2217.724,2.152308097,2.246069097,0,1
1,23,10,1,0,0,1,2217.724,2.635816652,2.893399836,0,0
1,27,9,1,0,0,1,2294.605,2.249621547,2.51559766,0,1
1,27,11,1,0,0,1,2483.852,1.67155292,1.765827616,0,0
1,23,12,0,0,0,0,3903.195,0.527498246,0.42950935,1,1
1,27,8,1,0,0,1,7218.277,2.947958972,3.312318726,0,1
1,28,11,1,0,1,1,6952.58,1.486473744,1.688470419,1,1
1,25,12,1,0,0,0,5204.259,1.388123768,1.57238411,0,0
1,20,12,1,0,0,0,6085.421,1.553552786,1.694589021,1,1
1,26,12,1,0,0,0,6608.803,1.398971432,1.605513506,0,1
1,23,10,1,0,1,1,10495.08,1.634784581,1.774353945,0,1
1,49,8,0,0,1,1,7285.948,0.832487453,0.257460317,1,1
1,19,11,1,0,0,1,10224.37,1.637341267,1.591458153,0,1
1,21,13,0,0,0,0,8616.852,0.783478322,1.090921174,1,1
1,27,12,1,0,1,0,7806.387,0.511681799,0.687991018,1,1
1,23,11,1,0,0,1,8959.589,1.496577598,1.436117841,1,1
1,22,11,1,0,0,1,12170.94,1.822626189,1.923450859,1,1
1,24,15,1,0,0,0,13008.5,0.553435159,0.796483319,1,1
1,24,12,1,0,0,0,18154.06,2.095952468,2.493674694,0,0
1,18,11,1,0,0,1,214.5636,0.875849702,0.381284591,1,1
1,17,10,1,0,0,1,5793.852,2.343666367,2.569456426,0,1
1,17,9,1,0,0,1,1253.439,2.371730786,2.646331878,0,1
1,28,11,1,0,0,1,6871.856,0.719370611,0.848906269,0,0
1,27,11,1,0,0,1,2666.274,1.63761675,1.640524366,0,0
1,19,11,1,0,0,1,2615.276,1.787788106,1.7446958,0,1
1,18,11,0,0,0,1,919.5579,1.297370318,1.26709418,1,1
1,24,10,1,0,0,1,2421.947,1.62243852,1.611372665,0,1
1,23,12,1,0,0,0,3039.96,1.108153047,1.064020466,1,1
1,21,9,1,0,0,1,5749.331,2.578949544,2.811846141,0,1
1,21,12,1,0,0,0,3332.409,1.995581202,2.084472662,0,1
1,24,9,1,0,0,1,2288.675,2.323427096,2.610894653,0,1
1,20,9,0,1,0,1,5875.049,2.147976799,2.424099324,0,1
1,25,13,1,0,0,0,3090.732,0.640733013,0.719057586,0,0
1,35,8,1,0,1,1,17976.15,1.304061927,1.418089413,1,1
1,17,9,0,1,0,1,74.34345,2.097239788,2.210541443,0,1
1,24,11,1,0,1,1,1666.113,1.304957746,1.225832597,0,1
1,20,12,1,0,0,0,165.2077,2.020134649,2.21094849,0,0
1,21,8,1,0,0,1,3695.897,1.846343594,1.806882558,0,1
1,18,10,1,0,0,1,1784.274,1.801933678,1.711349847,0,1
1,27,12,1,0,0,0,357.9499,1.907599782,2.141091863,0,1
1,22,9,1,0,0,1,3836.986,2.052057962,2.181598046,1,1
1,46,8,1,0,0,1,2594.723,1.650785515,1.567057212,0,0
1,19,10,1,0,0,1,6056.754,2.389400228,2.609755104,0,0
1,19,11,0,1,1,1,5463.803,1.324631456,1.176366026,1,1
1,22,12,1,0,0,0,936.1773,1.910705896,2.103903152,0,0
1,22,12,0,0,0,0,8455.504,1.218124516,1.608316031,1,1
1,26,12,1,0,1,0,5794.831,0.812970896,1.002087352,1,1
1,29,12,1,0,0,0,4878.937,1.357137809,1.584183905,1,1
1,31,9,1,0,0,1,5517.841,1.097175494,1.191300829,0,1
1,29,12,1,0,0,0,1817.284,1.881256452,2.063323039,0,0
1,35,9,1,0,1,1,13830.64,1.359482753,1.517136587,1,1
1,25,12,1,0,0,0,2409.274,1.173653251,1.34748537,0,0
1,22,12,0,1,1,0,7055.702,1.545734683,1.944960476,1,1
1,27,10,1,0,0,1,3550.075,1.504445207,1.615050484,0,0
1,22,10,1,0,1,1,5588.664,1.280925404,1.158926197,1,1
1,19,8,1,0,0,1,2937.264,1.278905886,1.164184818,1,1
1,20,11,1,0,0,1,1220.836,2.143939205,2.31646256,0,1
1,21,12,0,0,0,0,334.0494,0.872163751,0.856701104,1,1
1,27,12,1,0,1,0,334.0493,2.403781335,2.69259772,0,0
1,20,10,1,0,0,1,2777.355,1.220421448,0.894925164,1,1
1,23,12,1,0,0,0,501.0741,2.310639027,2.679576047,0,1
1,27,13,0,0,1,0,853.7225,0.410768767,0.698697929,0,0
1,23,12,0,1,0,0,1117.439,1.393831715,1.553764635,0,1
1,24,12,1,0,0,0,2842.764,1.270070671,1.31916928,1,1
1,20,11,1,0,0,1,1484.994,2.03088438,2.174105585,0,1
1,26,10,1,0,0,1,6788.958,1.769424175,1.856351848,1,1
1,25,14,1,0,1,0,11536.57,1.213638978,1.633632832,0,1
1,26,10,1,0,1,1,0,1.99401946,2.020244437,0,0
1,20,9,1,0,0,1,0,2.040968231,2.074833028,0,1
1,31,4,1,0,0,1,4023.211,1.766516146,1.765326419,1,1
1,24,10,1,0,1,1,4078.152,1.697894631,1.82496291,0,0
1,33,11,1,0,1,1,25142.24,1.302091958,1.512902277,0,1
1,33,12,1,0,1,0,10941.35,-0.341207042,-0.851201649,1,1
0,47,12,0,0,0,0,0,0.494826918,-0.694213989,0,1
0,50,12,1,0,1,0,0,1.824345819,1.362125515,0,0
0,44,12,0,0,0,0,0,1.232219654,0.898421516,0,0
0,28,12,1,0,1,0,0,1.418873994,1.475831234,0,0
0,54,12,0,0,1,0,0,0.924257094,-0.301622913,0,1
0,55,12,0,1,1,0,0,1.460731624,0.428059119,0,0
0,47,12,0,0,1,0,0,0.389690603,-0.486328195,0,1
0,25,12,1,0,0,0,0,1.428388053,1.418129558,0,1
0,44,12,0,0,1,0,0,0.823544859,0.410821634,0,1
0,50,12,1,0,1,0,0,0.717963868,-0.117819209,0,0
0,23,12,1,0,0,0,0,2.017758194,2.07923231,1,1
0,49,14,0,0,1,0,0,-0.842853638,-2.192603905,0,0
0,55,14,0,0,1,0,0,1.071416189,0.069665934,0,0
0,34,14,1,0,1,0,0,1.313925558,1.380369978,0,0
0,34,16,0,0,1,0,0,-0.018327562,-0.009813097,1,1
0,55,13,0,1,1,0,0,1.637125461,0.669503201,0,0
0,52,12,0,0,1,0,0,2.090539036,1.474070953,0,0
0,52,15,0,0,1,0,0,0.81548399,0.037608346,0,0
0,30,16,0,0,1,0,0,-1.517681846,-1.831489089,0,0
0,21,12,0,0,0,0,0,0.973408128,0.99122932,0,0
0,30,17,0,0,0,0,0,-0.370805236,-0.279306204,0,0
0,44,12,0,0,1,0,0,0.71905819,0.24819633,0,0
0,46,12,0,0,0,0,0,1.410524825,1.023608952,0,1
0,53,17,0,0,1,0,0,-1.179656982,-2.082864191,0,0
0,26,16,0,0,0,0,0,0.855627625,1.164833166,1,1
0,49,12,0,0,1,0,0,0.365046165,-0.74665367,1,1
0,39,15,0,0,1,0,0,-0.629733818,-0.97678625,1,1
0,26,17,0,0,1,0,0,-1.415148724,-1.495700186,1,1
0,32,16,0,0,1,0,0,-1.019871544,-1.014746509,0,1
0,34,12,0,0,1,0,0,-0.153028508,-0.276916446,0,0
0,31,14,0,0,1,0,0,-0.278298155,-0.20645018,0,0
0,39,17,0,1,1,0,0,0.739427839,0.72352761,1,1
0,40,17,0,0,1,0,0,-1.431210724,-1.716708012,0,1
0,31,12,0,0,1,0,0,2.57757039,3.109442591,0,0
0,27,13,0,0,1,0,0,1.300497053,1.569180069,1,1
0,48,12,0,0,1,0,0,0.847496615,0.128194355,0,0
0,41,13,0,0,1,0,0,-0.145204655,-0.793652168,0,0
0,26,14,0,0,0,0,0,1.687475163,1.896193037,0,0
0,50,17,0,0,0,0,0,-0.673063357,-1.451993337,0,1
0,48,12,0,0,1,0,0,0.81292716,0.103754552,1,1
0,45,16,0,0,1,0,0,1.571240617,1.932608467,0,0
0,37,13,0,0,1,0,0,0.445740023,0.2985312,0,0
0,33,12,0,0,1,0,0,1.751057466,1.953909651,0,1
0,31,12,0,0,1,0,0,0.513602373,0.497960438,0,0
0,36,12,1,0,1,0,0,1.325537128,1.286850374,1,1
0,44,13,0,0,1,0,0,1.602865974,1.587170025,0,0
0,28,17,0,0,1,0,0,-0.76370393,-0.75669039,0,0
0,30,17,0,0,1,0,0,1.048000948,1.742279185,0,0
0,42,16,0,0,1,0,0,0.059406065,-0.156879914,0,1
0,30,12,0,0,1,0,0,0.663432713,0.678511535,0,0
0,27,16,0,0,1,0,0,0.716042261,1.007402379,0,1
0,37,12,0,0,1,0,0,1.353510565,1.51707158,0,0
0,37,12,0,0,1,0,0,1.141097573,1.157415544,0,0
0,45,12,0,0,1,0,0,-0.371247164,-1.191888102,1,1
0,35,16,0,0,1,0,0,-0.851098176,-1.044864743,0,1
0,37,17,0,0,1,0,0,-0.795337229,-1.016598776,1,1
0,27,17,0,0,1,0,0,-0.233029036,-0.083474154,0,0
0,47,14,0,0,1,0,0,0.588455414,-0.029963226,0,0
0,48,12,0,0,1,0,0,0.843570596,0.161179164,0,0
0,42,12,0,0,1,0,0,-0.070136547,-0.710569617,0,0
0,43,12,0,0,1,0,0,0.913926513,0.627128997,0,1
0,46,12,0,0,1,0,0,1.144019503,0.728585887,0,0
0,46,12,0,0,1,0,0,1.108503282,0.695616292,0,1
0,46,12,0,0,1,0,0,1.472781216,0.964965732,0,0
0,29,16,0,0,1,0,0,0.669821601,0.965940398,1,1
0,39,13,0,0,1,0,0,0.830734939,0.682695397,0,0
0,32,12,0,0,1,0,0,0.861331549,0.907884367,0,0
0,48,16,0,0,1,0,0,-1.410986203,-2.179062369,0,0
0,48,16,0,0,1,0,0,-0.165080606,-0.714477805,0,1
0,41,13,0,0,1,0,0,0.588986445,0.308309489,0,0
0,42,13,0,0,1,0,0,0.605325185,0.305757755,0,0
0,42,13,0,0,1,0,0,-0.334666274,-1.022001947,0,0
0,42,13,0,0,1,0,0,-0.215861401,-0.967856705,0,1
0,54,13,0,0,1,0,0,1.351346833,0.436538231,0,0
0,29,14,0,0,1,0,0,0.525020207,0.676321831,0,0
0,54,12,0,0,1,0,0,1.352642591,0.325357945,0,0
0,54,12,0,0,1,0,0,0.930643106,-0.29358194,0,0
0,26,14,0,0,1,0,0,0.753350353,0.97097768,0,0
0,43,17,0,0,1,0,0,-0.040986782,-0.316873431,1,1
0,54,12,0,0,1,0,0,0.578948116,-0.799803745,0,1
0,37,12,0,0,1,0,0,0.822737011,0.746305461,0,0
0,54,16,0,0,1,0,0,-0.635701676,-1.654119731,0,0
0,48,17,0,0,1,0,0,-0.957615081,-1.656833935,0,0
0,44,12,0,0,1,0,0,0.512697871,-0.040492574,0,0
0,54,12,0,0,1,0,0,1.05586082,-0.103166946,0,0
0,38,12,0,0,1,0,0,0.418334379,0.123576804,0,0
0,37,13,0,0,1,0,0,1.319779389,1.545000082,0,0
0,27,17,0,0,1,0,0,-0.996930696,-0.895453248,0,1
0,51,12,0,0,1,0,0,0.685817249,-0.350531556,0,0
0,39,12,0,0,1,0,0,0.398953067,0.102030775,0,0
0,55,14,0,0,1,0,0,1.353966856,0.200130022,0,1
0,54,13,0,0,1,0,0,0.771561911,-0.422824943,0,0
0,54,13,0,0,1,0,0,1.336924388,0.434435389,0,0
0,34,12,0,0,1,0,0,-0.251697648,-0.361841255,0,0
0,50,14,0,0,1,0,0,0.39637689,-0.475137747,0,0
0,50,12,0,0,1,0,0,1.314938399,0.701010109,0,0
0,21,14,0,1,0,0,71.612903,1.19680854,1.429772832,1,1
0,26,12,0,0,1,0,71.612903,1.226289788,1.445948501,0,1
0,21,13,0,0,0,0,692.85484,0.290938267,0.497663717,1,1
0,23,16,0,0,1,0,1521.7742,-0.043941271,0.353757967,0,1
0,21,15,0,0,0,0,3222.5806,1.563985412,2.627500474,1,1
0,23,14,0,0,0,0,3401.6129,-0.367194413,-0.272957531,1,1
0,27,16,0,0,1,0,4833.871,-1.62429617,-1.587737922,0,0
0,25,12,0,0,1,0,5729.0323,0.36059537,1.131045697,1,1
0,27,17,0,0,0,0,6087.0968,-0.256484849,0.020276274,1,1
0,55,12,0,0,1,0,6266.129,-1.025523337,-1.916658966,1,1
0,20,12,0,0,1,0,7161.2903,-0.255907373,-0.170017696,0,0
0,18,12,0,0,1,0,8056.4516,0.006598739,0.081599895,1,1
0,27,12,0,0,1,0,8235.4839,-1.173418529,-1.501018401,1,1
0,28,16,0,0,1,0,8951.6129,-1.792295821,-1.804612788,1,1
0,36,12,1,0,1,0,8951.6129,-0.850950796,-1.272172298,1,1
0,33,13,1,0,1,0,10741.935,-0.9312145,-1.205596275,1,1
0,36,12,0,0,1,0,10741.935,-1.002237735,-1.181288416,0,0
0,27,13,0,0,1,0,16112.903,-0.806616117,-0.784557665,1,1
0,45,17,0,0,1,0,16112.903,-1.038147331,-0.968353421,1,1
0,45,17,0,0,1,0,16112.903,-2.215881132,-2.377164653,1,1
0,45,17,0,0,1,0,16112.903,-1.29975782,-1.361656434,1,1
0,31,12,0,0,1,0,17903.226,-1.060800818,-1.109161959,0,0
0,34,12,0,0,1,0,17903.226,-1.047582589,-1.185518904,1,1
0,34,12,0,0,1,0,17903.226,-0.704887877,-0.689941334,1,1
0,47,14,0,0,1,0,17903.226,-1.872015481,-2.465796977,1,1
0,35,16,0,0,1,0,19693.548,-1.421748171,-1.461363561,1,1
0,43,17,0,0,1,0,21161.613,-1.691826508,-1.740682525,1,1
0,25,12,1,0,1,0,21483.871,0.444839412,0.698100984,1,1
0,29,15,0,0,0,0,21483.871,-0.941642913,-0.84519835,1,1
0,31,12,0,0,1,0,21483.871,0.024062646,0.771695642,1,1
0,52,12,0,0,1,0,21483.871,-1.475161432,-2.088401286,1,1
0,22,16,0,0,0,0,22558.065,-1.292688604,-1.198275028,1,1
0,53,15,0,0,1,0,24169.355,-1.909660404,-2.254722393,1,1
0,29,17,0,0,1,0,25959.677,-1.916519947,-1.96074943,1,1
0,31,13,0,0,1,0,25959.677,-1.509465167,-1.585296984,1,1
0,35,12,0,0,1,0,26138.71,-0.620148641,-0.430359345,1,1
0,29,16,0,0,1,0,26854.839,-0.860587863,-0.782395497,1,1
0,39,12,0,0,1,0,28645.161,-1.481342274,-1.791524641,1,1
0,37,14,0,0,1,0,32225.806,-1.904646697,-1.988694155,0,0
0,30,14,0,0,1,0,32225.806,-1.127524348,-1.052225088,1,1
0,43,17,0,0,1,0,42251.613,-2.066891577,-2.091131325,1,1
0,32,17,0,0,1,0,46548.387,-1.433497287,-1.378824942,1,1
0,44,12,0,0,1,0,71612.903,-1.245808989,-1.509100079,1,1
0,32,16,0,0,1,0,6910.6452,-2.47681087,-2.425638041,1,1
0,43,12,1,0,1,0,1879.8387,0.861557467,0.768553263,1,1
0,24,12,1,0,0,0,0,2.603028468,3.001751239,1,1
0,22,13,0,0,0,0,0,1.16430162,1.136979998,1,1
0,35,15,0,0,1,0,537.09677,-1.38157682,-1.542820207,0,0
0,26,15,0,0,0,0,1879.8387,-0.336902361,-0.08479255,1,1
0,29,17,0,0,1,0,8951.6129,-1.441118567,-1.353483039,0,0
0,23,12,1,0,0,0,3222.5806,1.530508631,1.804130097,1,1
0,19,12,0,0,1,0,8593.5484,1.55799508,2.082285965,1,1
0,48,16,0,0,1,0,1466.2742,-1.574635892,-1.845159194,1,1
0,48,16,0,0,1,0,1466.2742,-1.928575599,-2.170712283,1,1
0,22,12,1,0,1,0,0,0.86057678,0.754577702,0,0
0,20,12,1,0,0,0,12532.258,0.774625933,0.804489089,1,1
0,24,17,0,0,1,0,0,0.031499877,0.244763851,1,1
0,27,16,0,0,1,0,1253.2258,-0.091436988,0.199656311,1,1
0,21,14,0,0,0,0,2685.4839,-0.257277023,-0.085081825,1,1
0,53,13,0,0,1,0,3938.7097,-0.856862678,-1.520567321,1,1
0,53,13,0,0,1,0,3938.7097,-0.97192086,-1.67585938,1,1
0,53,16,0,0,1,0,0,0.591485753,-0.144680841,1,1
0,22,15,0,0,1,0,5370.9677,1.028617837,1.936924359,1,1
0,21,15,0,0,0,0,9667.7419,-0.710078127,-0.655374367,1,1
0,30,12,0,0,1,0,1790.3226,-0.721040913,-0.849510245,1,1
0,21,12,1,0,0,0,5460.4839,1.682600327,2.215089208,1,1
0,27,16,0,0,1,0,17545.161,-1.173855642,-0.955558319,1,1
0,22,15,0,0,0,0,2864.5161,0.943581008,1.72491534,1,1
0,22,12,1,0,1,0,2470.6452,1.184911901,1.426630726,0,0
0,23,13,0,0,1,0,5370.9677,-0.704871339,-0.685381508,1,1
0,33,12,0,0,1,0,0,1.325542383,1.380510973,1,1
0,24,13,0,0,0,0,3127.6935,0.776287177,1.235502647,1,1
0,20,12,1,0,0,0,4475.8065,1.756890416,2.014065157,1,1
0,22,16,0,0,0,0,23274.194,-0.56938823,-0.311179223,1,1
0,19,12,0,0,1,0,10741.935,0.786615377,1.144039353,0,0
0,22,15,0,0,1,0,17187.097,-0.27116113,-0.200427757,1,1
0,43,14,0,0,1,0,0,1.035415082,0.970996376,1,1
0,39,12,0,0,1,0,7161.2903,-0.566332255,-0.743320187,1,1
0,28,12,1,0,0,0,2864.5161,0.780298844,0.925444893,0,1
0,19,14,0,0,0,0,3222.5806,0.366093514,0.662615424,0,0
0,26,17,0,0,1,0,12532.258,-0.916057243,-0.578226951,1,1
0,18,12,0,0,1,0,11100,-0.465959974,-0.505822896,1,1
0,23,15,0,0,1,0,2506.4516,-0.622148655,-0.432566444,1,1
0,24,12,1,0,0,0,4654.8387,0.857433292,0.997646763,1,1
0,27,12,0,0,1,0,0,1.142094827,1.296424622,1,1
0,29,17,0,0,1,0,15217.742,-0.811550031,-0.945918248,1,1
0,22,12,1,0,0,0,17133.387,1.069412082,1.333703355,1,1
0,27,12,0,0,1,0,254.22581,0.192489392,0.324677718,1,1
0,27,15,0,0,1,0,4654.8387,-2.078012386,-2.17459303,1,1
0,20,12,1,0,0,0,8951.6129,1.608584721,1.857650099,1,1
0,27,12,1,0,1,0,1994.4194,0.887037469,1.175275598,1,1
0,23,12,1,0,1,0,2864.5161,1.88931788,2.578668907,1,1
0,23,12,1,0,1,0,11637.097,0.231798119,0.366421545,1,1
0,22,12,0,0,1,0,15396.774,-0.194301128,-0.065326627,1,1
0,31,12,1,0,1,0,18440.323,-0.068095016,0.012172611,1,1
0,26,17,0,0,0,0,11637.097,-0.411074374,0.00677835,1,1
0,20,12,0,0,1,0,0,1.394084159,1.528726697,1,1
0,30,17,0,0,1,0,4296.7742,-1.370742431,-1.307620446,1,1
0,42,16,0,0,0,0,17903.226,-1.115629036,-1.253020951,1,1
0,21,14,0,0,1,0,9309.6774,-0.552686194,-0.426995398,1,1
0,25,16,0,0,1,0,2954.0323,-1.424437782,-1.409037963,0,0
0,27,15,0,0,1,0,0,0.577965076,0.797866055,0,1
0,26,17,0,0,1,0,19693.548,-1.044529948,-0.892170876,1,1
0,29,16,0,0,1,0,17187.097,-2.146675967,-2.187815123,1,1
0,20,12,0,0,0,0,716.12903,1.053832422,1.32161713,0,0
0,52,12,0,0,1,0,0,0.32065422,-0.881174893,0,0
0,23,17,0,0,0,0,2148.3871,0.074345384,0.352167376,1,1
0,21,14,0,0,1,0,7161.2903,-1.648325807,-1.738040303,1,1
0,24,16,0,0,0,0,8951.6129,-1.243284275,-1.230569982,1,1
0,30,17,0,0,1,0,12084.677,-1.451642631,-1.347844516,1,1
0,25,17,0,0,0,0,17414.468,-0.343676616,-0.032033256,1,1
0,21,12,0,0,1,0,6803.2258,-0.100185296,-0.00221342,1,1
0,28,12,0,0,1,0,10741.935,-0.974944673,-1.113263549,1,1
0,20,12,0,0,1,0,6266.129,1.206414465,1.978614761,1,1
0,36,16,0,0,0,0,4833.871,-1.960778125,-2.149159408,1,1
0,19,12,1,0,0,0,8056.4516,0.055218228,-0.268171429,1,1
0,21,12,1,0,1,0,3043.5484,1.085038407,1.428055964,1,1
0,47,12,0,0,1,0,9513.7742,-1.296910137,-1.867321677,1,1
0,24,16,0,0,1,0,4833.871,-1.76064229,-1.954211121,1,1
0,24,12,1,0,1,0,8951.6129,0.793968448,1.187078897,1,1
0,25,17,0,0,1,0,10562.903,-1.353618098,-1.242058165,1,1
0,21,16,0,0,1,0,10562.903,-1.479713634,-1.520789969,1,1
0,31,12,1,0,1,0,11064.194,-0.724774223,-1.165569218,1,1
0,26,14,0,0,1,0,13427.419,-0.549946649,-0.415313521,1,1
0,22,12,1,0,0,0,10367.758,1.384290728,1.812333782,1,1
0,20,13,1,0,0,0,12532.258,0.874054153,1.087758228,1,1
0,20,13,0,1,1,0,10025.806,1.318930635,2.205657903,1,1
0,27,14,0,0,1,0,0,-0.240097086,-0.113382281,1,1
0,26,12,0,0,0,0,11637.097,-0.904351938,-0.937763499,1,1
0,23,17,0,0,1,0,5370.9677,-1.799110757,-1.827645697,0,0
0,23,12,1,0,0,0,12532.258,0.905085249,1.146582873,1,1
0,22,12,1,0,0,0,4475.8065,1.291795955,1.534843862,0,0
0,21,12,1,0,0,0,11458.065,0.949412371,1.156988463,1,1
0,21,12,0,0,1,0,12532.258,0.014040334,0.242299958,1,1
0,28,14,0,0,1,0,7877.4194,-1.912609155,-1.890679132,1,1
0,27,12,1,0,1,0,0,2.267015728,2.452070825,1,1
0,25,14,0,0,0,0,1790.3226,-0.188178932,-0.037663659,0,0
0,30,12,0,0,1,0,3222.5806,0.199172389,0.469117952,1,1
0,27,13,1,0,1,0,4096.2581,0.353992616,0.575878628,1,1
0,22,13,0,0,0,0,6266.129,0.441147054,0.820829639,1,1
0,23,16,0,0,1,0,14143.548,-1.002113381,-0.95188681,1,1
0,24,12,1,0,1,0,14322.581,0.607970955,0.875319382,1,1
0,19,13,0,0,0,0,15217.742,0.567930093,0.972677646,1,1
0,21,14,0,0,1,0,11407.935,0.122749001,0.350226756,1,1
0,29,17,0,0,1,0,7161.2903,-1.464135664,-1.399581521,1,1
0,27,16,0,0,1,0,11637.097,-1.079021108,-1.001524562,1,1
0,28,15,0,0,1,0,15217.742,-1.406290753,-1.384512106,1,1
0,26,12,0,0,1,0,0,2.164678465,2.396446637,1,1
0,54,12,0,0,1,0,0,0.475352855,-0.986214519,0,0
0,28,15,1,0,0,0,0,2.728652681,2.858962553,1,1
0,27,15,0,0,1,0,10741.935,-1.290585477,-1.260129311,1,1
0,26,13,0,0,0,0,5729.0323,-0.920377273,-1.286238484,1,1
0,21,12,0,0,1,0,7934.7097,-0.016519333,0.137037952,0,0
0,53,14,1,0,1,0,8421.6774,-1.11797828,-1.904533683,1,1
0,21,13,0,0,1,0,12743.516,0.019284794,0.278704453,1,1
0,22,13,0,0,0,0,3759.6774,-0.182977485,-0.144639004,1,1
0,27,16,0,0,0,0,0,0.281846731,0.509290542,0,1
0,37,15,0,1,1,0,179.03226,-1.799270921,-2.248265073,1,1
0,33,13,0,0,0,0,3580.6452,-0.712456698,-0.83617043,1,1
0,19,12,1,0,0,0,3759.6774,-0.125858843,-0.096943153,1,1
0,28,12,0,0,1,0,4475.8065,-1.397023048,-1.672805539,1,1
0,32,12,1,0,1,0,5370.9677,0.518345232,0.727551272,1,1
0,24,12,0,0,0,0,5370.9677,0.724687902,1.224399427,1,1
0,22,12,0,0,0,0,7497.871,0.603360693,0.958972704,1,1
0,20,12,1,0,1,0,8951.6129,0.242457528,0.12972407,1,1
0,23,12,0,0,1,0,8951.6129,-0.317846763,-0.247061457,1,1
0,27,12,1,0,1,0,8951.6129,0.197471099,0.33616054,1,1
0,23,12,1,0,1,0,12532.258,-0.293356851,-0.254808016,1,1
0,19,12,0,1,1,0,12532.258,1.327803324,1.97150211,1,1
0,27,14,0,0,0,0,14322.581,-0.211361416,0.107989786,1,1
0,22,16,0,0,1,0,16112.903,-1.385498258,-1.343449538,1,1
0,42,12,0,0,1,0,16112.903,-1.113558041,-1.431750469,1,1
0,20,13,0,0,0,0,17491.452,0.261808023,0.545988729,1,1
0,29,13,0,0,0,0,0,-0.008504849,-0.477502131,0,0
0,23,12,1,0,1,0,13427.419,0.26384256,0.393099798,1,1
0,19,12,0,0,1,0,9309.6774,-0.367238775,-0.425468032,1,1
0,21,12,1,0,1,0,13092.629,-0.107414789,-0.093541306,1,1
0,26,12,0,0,1,0,13606.452,-0.79074127,-0.793042171,1,1
0,21,16,0,0,0,0,22379.032,0.41979966,0.817850461,1,1
0,24,12,1,0,1,0,15416.468,0.660835415,1.025532467,1,1
0,29,12,0,0,1,0,5908.0645,-0.965673993,-1.008484781,1,1
0,26,12,1,0,1,0,8593.5484,0.622369113,0.981126048,1,1
0,23,14,1,0,1,0,10398.194,0.809462396,1.417085617,1,1
0,25,12,0,0,0,0,9130.6452,0.746222962,1.128405488,1,1
0,21,12,0,0,1,0,5729.0323,0.019576934,0.155436749,1,1
0,25,12,1,0,0,0,6266.129,0.510865387,0.744560288,1,1
0,22,12,0,0,1,0,9939.871,0.265289388,0.56990903,1,1
0,22,12,0,0,1,0,10741.935,-0.000564118,0.221103475,1,1
0,23,12,1,0,1,0,12174.194,0.978916031,1.369863206,1,1
0,18,12,0,0,0,0,14322.581,1.036984072,1.450855581,1,1
0,27,12,1,0,0,0,14322.581,1.300997056,1.778169897,1,1
0,21,12,1,0,0,0,14859.677,0.818805298,0.86289763,1,1
0,25,12,0,0,1,0,16112.903,0.344741927,0.78919002,1,1
0,21,13,0,0,1,0,17903.226,-0.467469832,-0.368206382,1,1
0,27,12,0,0,1,0,44758.065,0.377332164,0.780915164,0,0
0,23,12,0,0,1,0,7161.2903,-0.618915684,-0.636089678,1,1
0,21,12,0,0,1,0,14995.742,0.901976522,1.574367638,1,1
0,23,14,1,0,1,0,12532.258,-0.012615216,0.118891303,1,1
0,23,16,1,0,0,0,16490.661,-0.640950897,-0.707034004,1,1
0,31,17,0,0,1,0,29465.129,-1.945765908,-1.848965078,1,1
0,27,12,1,0,1,0,5370.9677,0.174582466,0.235583915,1,1
0,21,12,1,0,1,0,7161.2903,0.942570021,1.230516872,1,1
0,23,12,1,0,1,0,8271.2903,0.736449549,1.182381408,1,1
0,19,12,0,0,1,0,5550,-0.146011435,-0.182533726,1,1
0,46,12,0,0,1,0,8504.0323,-1.015024144,-1.506348859,1,1
0,24,12,0,0,1,0,2864.5161,1.062620053,1.522050884,1,1
0,20,13,0,1,0,0,0,2.559250386,3.119629916,1,1
0,24,17,0,0,1,0,5370.9677,-1.123830999,-1.044617681,1,1
0,23,12,0,0,1,0,9130.6452,-0.280866739,-0.183853924,1,1
0,34,12,0,0,1,0,9166.4516,-0.838023312,-0.932096577,1,1
0,35,12,0,0,1,0,9313.2581,-0.62928044,-0.699585565,1,1
0,23,12,0,0,0,0,11834.032,-0.282343649,-0.380316894,1,1
0,21,14,1,0,0,0,5370.9677,0.615001849,0.801419792,1,1
0,21,12,0,1,1,0,8772.5806,-0.549916965,-0.906350756,1,1
0,26,12,0,0,1,0,0,1.44404268,1.601892751,1,1
0,23,13,0,0,1,0,8593.5484,-0.127529383,0.120215555,1,1
0,27,12,0,1,1,0,11279.032,-0.44243024,-0.569801098,1,1
0,50,12,0,1,1,0,9846.7742,0.379910505,-0.304238642,1,1
0,27,12,1,0,1,0,0,0.942364296,0.783183325,1,1
0,25,12,0,0,1,0,2685.4839,-0.99468424,-1.192213402,1,1
0,21,12,1,0,1,0,4296.7742,0.950900183,1.208311078,1,1
0,21,13,0,0,1,0,8593.5484,0.20407904,0.482125481,1,1
0,33,12,1,0,0,0,8951.6129,1.619505262,1.90664689,0,0
0,19,12,0,0,1,0,9846.7742,-0.182866282,-0.21991386,1,1
0,20,12,0,0,1,0,10204.839,0.607565923,1.12369665,1,1
0,22,12,1,0,1,0,10741.935,0.512759277,0.718837757,1,1
0,32,12,0,0,1,0,11458.065,-0.972497038,-1.085397511,1,1
0,24,13,0,0,1,0,11458.065,-0.179785981,-0.039396538,1,1
0,29,12,1,0,1,0,12532.258,0.381809198,0.639050819,1,1
0,23,12,1,0,1,0,12532.258,-0.55018685,-0.497450969,1,1
0,26,14,0,0,1,0,13427.419,-0.187901796,0.092452341,1,1
0,20,12,0,0,1,0,13427.419,0.831775048,1.412634933,1,1
0,27,12,1,0,1,0,14322.581,-0.255979788,-0.244804297,1,1
0,24,12,1,0,1,0,14322.581,0.573222167,0.811162527,1,1
0,24,17,0,0,0,0,16112.903,-0.803844374,-0.632915979,1,1
0,21,13,0,0,0,0,16112.903,0.210454965,0.497829797,1,1
0,25,12,1,0,1,0,21483.871,-0.20797901,-0.254130746,1,1
0,30,12,1,0,1,0,25064.516,-0.59619541,-0.704768899,1,1
0,26,12,1,0,0,0,10741.935,0.756045041,0.978477081,1,1
0,22,12,0,0,0,0,14322.581,0.893764565,1.345042219,1,1
0,47,12,0,0,1,0,10523.516,-0.75835705,-1.238676415,1,1
0,22,12,0,0,0,0,15754.839,0.025569963,0.097917583,1,1
0,31,12,1,0,1,0,8951.6129,0.401658464,0.72936145,1,1
0,35,12,0,0,1,0,9309.6774,-2.346778236,-3.087906649,1,1
0,49,12,0,0,1,0,11082.097,-0.34975843,-0.733086721,1,1
0,25,13,1,0,0,0,15396.774,-0.604841372,-0.549685818,1,1
0,23,12,0,0,1,0,10562.903,-0.593570773,-0.529420415,1,1
0,25,17,0,0,1,0,22004.855,-2.121347375,-2.173113367,1,1
0,23,16,0,0,1,0,26854.839,-2.186549588,-2.144365866,1,1
0,34,17,0,0,0,0,7161.2903,-0.822949055,-0.785850776,1,1
0,21,12,0,0,1,0,8056.4516,-0.393228333,-0.42623246,1,1
0,27,12,1,0,0,0,3222.5806,1.072437378,1.305284204,1,1
0,23,12,0,0,1,0,5370.9677,-0.208062385,-0.107163967,1,1
0,23,12,0,0,1,0,7161.2903,0.01921471,0.305644823,1,1
0,32,17,0,0,0,0,7161.2903,-1.325117015,-1.306500109,0,1
0,27,12,1,0,1,0,8951.6129,-0.675604884,-0.77248951,1,1
0,24,12,1,0,0,0,9309.6774,1.41301253,1.84636093,1,1
0,34,12,0,0,1,0,11637.097,-1.202145508,-1.474167044,1,1
0,29,12,0,0,1,0,12532.258,-1.804532372,-2.051068605,1,1
0,28,14,0,0,1,0,13427.419,-1.365855658,-1.371721998,0,0
0,18,12,0,0,0,0,14322.581,1.578462129,2.254497098,1,1
0,20,12,1,0,0,0,16372.5,1.547552879,2.029412321,1,1
0,25,13,0,0,1,0,16739.516,-0.990837214,-1.052504575,1,1
0,23,12,1,0,1,0,20481.29,0.108002553,0.153317177,1,1
0,26,17,0,0,1,0,29182.258,-1.779376659,-1.693729127,1,1
0,24,12,0,0,0,0,15754.839,1.499471995,2.312747142,1,1
0,23,12,0,0,1,0,10204.839,-0.043015761,0.126237583,1,1
0,23,16,0,0,0,0,18798.387,-0.681857688,-0.556025826,1,1
0,26,12,1,0,1,0,1074.1935,1.42743047,1.739594356,1,1
0,46,12,0,0,1,0,7161.2903,-0.840124309,-1.318652506,1,1
0,23,12,1,0,1,0,7812.9677,0.376826264,0.516649039,1,1
0,41,12,0,0,1,0,10741.935,-1.141628287,-1.485586421,1,1
0,19,12,0,0,1,0,14143.548,-0.08388079,-0.013814208,1,1
0,29,12,0,0,1,0,9041.129,-0.715886076,-0.743359812,1,1
0,24,12,1,0,0,0,13069.355,1.341212698,1.638958467,1,1
0,23,12,1,0,0,0,2685.4839,1.184906474,1.410277927,1,1
0,22,12,0,0,1,0,4654.8387,0.424505228,0.653450624,1,1
0,21,12,0,0,0,0,9667.7419,0.393846609,0.6045345,1,1
0,27,12,0,0,1,0,12532.258,-0.608774052,-0.570669565,1,1
0,37,12,0,0,1,0,11372.129,-2.220662895,-2.576442772,1,1
0,44,12,0,0,1,0,7340.3226,-0.608665954,-0.787062907,1,1
0,38,16,0,0,1,0,7877.4194,-1.475065725,-1.484777143,1,1
0,34,12,0,0,1,0,0,1.578743868,1.691201158,1,1
0,49,12,0,0,0,0,0,-0.515748416,-2.59064788,0,0
0,23,12,0,0,1,0,0,2.427221265,2.770679546,1,1
0,28,14,1,0,1,0,0,1.129463085,1.238124504,1,1
0,43,12,0,0,1,0,0,1.320909152,1.295854973,1,1
0,28,16,0,0,0,0,6445.1613,-1.710540837,-1.726879573,0,1
0,29,12,1,0,1,0,9846.7742,0.452211719,0.603260204,1,1
0,53,12,0,0,1,0,9893.3226,-1.558283338,-2.213532464,1,1
0,21,12,0,0,1,0,10204.839,-0.571907136,-0.556859241,1,1
0,24,13,1,0,1,0,10741.935,1.1008981,1.83343826,1,1
0,21,12,0,0,1,0,10741.935,-0.273693109,-0.246411682,1,1
0,24,12,0,0,1,0,11074.935,-0.271204183,-0.197563288,1,1
0,21,12,0,0,0,0,11637.097,0.857958632,1.223957961,1,1
0,23,14,0,0,1,0,11637.097,-0.639110282,-0.488502068,1,1
0,28,12,0,0,1,0,12532.258,-0.613292663,-0.616070042,0,0
0,28,12,0,0,1,0,12532.258,-0.472885567,-0.407723585,0,0
0,25,17,0,0,1,0,12621.774,-0.417930292,0.37031494,1,1
0,23,13,0,0,1,0,13427.419,-0.688159469,-0.632683145,1,1
0,30,12,0,0,1,0,13635.097,-0.730437892,-0.75122953,1,1
0,23,12,0,0,1,0,13785.484,0.177094426,0.564612404,1,1
0,26,12,0,0,1,0,14322.581,-0.003489543,0.198807819,1,1
0,21,12,1,0,1,0,14322.581,1.111657618,1.692574673,1,1
0,26,12,0,0,1,0,14322.581,-0.263800855,-0.039174396,1,1
0,25,12,1,0,1,0,14322.581,-0.466760688,-0.590389164,1,1
0,22,12,0,0,1,0,14465.806,0.847696583,1.375142709,1,1
0,28,16,0,0,1,0,15217.742,-2.164473605,-2.149146468,1,1
0,22,13,1,0,1,0,15217.742,0.35846907,0.558407814,0,1
0,24,16,0,0,1,0,16112.903,-1.840700964,-1.76031871,1,1
0,27,15,1,0,0,0,16744.887,-0.252865776,-0.166992241,1,1
0,19,12,0,0,0,0,19335.484,0.70993718,1.049416026,1,1
0,38,14,0,0,1,0,19693.548,-1.330201134,-1.359581835,0,0
0,38,14,0,0,0,0,21483.871,-0.852194777,-0.983704657,1,1
0,45,12,0,0,1,0,11270.081,-0.138742438,-0.553740008,1,1
0,26,12,1,0,1,0,14150.71,0.371170956,0.714990651,1,1
0,31,16,0,0,1,0,9846.7742,-1.641611753,-1.635089394,1,1
0,25,13,1,0,1,0,13824.871,0.479021289,0.992402627,1,1
0,25,14,0,0,1,0,14322.581,-0.466873493,-0.366684245,1,1
0,22,12,0,0,1,0,16025.177,-0.965420857,-1.265570487,1,1
0,36,12,0,0,1,0,13964.516,-0.792021241,-0.780236239,1,1
0,27,12,0,0,1,0,14322.581,-0.268845602,-0.091311849,1,1
0,33,12,0,0,1,0,16112.903,-1.141711872,-1.269612573,1,1
0,27,12,0,0,1,0,23274.194,0.078742179,0.330826597,1,1
0,30,12,1,0,1,0,10741.935,-0.096360868,-0.093720675,1,1
0,46,12,0,0,1,0,11637.097,-0.978218603,-1.442515867,1,1
0,23,14,0,0,1,0,12532.258,-0.990522685,-0.931470764,1,1
0,25,16,0,0,1,0,13606.452,-1.37194564,-1.312540471,1,1
0,27,14,0,0,1,0,16829.032,-1.838242063,-1.882912532,1,1
0,49,16,0,0,1,0,12353.226,-2.152345586,-2.693449284,1,1
0,22,12,0,0,1,0,12532.258,0.780745913,1.203913557,1,1
0,28,16,0,0,1,0,21483.871,-1.919722579,-2.021038189,1,1
0,24,12,1,0,1,0,19693.548,-0.481148558,-0.554227979,1,1
0,37,17,1,0,1,0,1306.9355,-2.486182363,-2.732411895,1,1
0,22,13,0,0,0,0,12532.258,-0.410236495,-0.310643857,1,1
0,23,17,0,0,0,0,14322.581,-1.819536387,-1.949785041,1,1
0,23,12,1,0,0,0,14322.581,1.880535746,2.444676016,1,1
0,26,12,0,0,1,0,14322.581,-0.05686213,0.093165407,1,1
0,22,12,0,0,0,0,16112.903,-0.173794016,-0.218722433,1,1
0,31,14,0,0,1,0,17724.194,-0.176400042,-0.051991012,1,1
0,31,14,0,0,1,0,17724.194,-0.816237233,-0.701764193,1,1
0,54,12,0,0,1,0,17894.274,-1.169938248,-1.864426115,1,1
0,25,16,1,0,1,0,18261.29,-2.376273992,-2.76670975,1,1
0,28,12,1,0,1,0,19693.548,1.261244835,1.990394877,1,1
0,19,13,0,0,1,0,19693.548,-1.029495612,-1.443918375,1,1
0,26,17,0,0,1,0,25064.516,-2.367997628,-2.351376701,1,1
0,28,12,0,0,1,0,7161.2903,0.063011605,0.262747943,1,1
0,20,12,0,0,1,0,2363.2258,2.010212754,2.65965662,1,1
0,26,12,0,0,1,0,11100,0.186363287,0.347794684,1,1
0,25,17,0,0,1,0,22379.032,-1.291004785,-1.126231759,1,1
0,24,12,0,0,1,0,13964.516,-0.120056077,0.115376975,1,1
0,22,12,0,0,1,0,8951.6129,0.227555131,0.632977113,1,1
0,27,17,0,0,1,0,10741.935,-1.175623804,-1.120552412,1,1
0,26,12,0,0,1,0,12174.194,-0.437224838,-0.339748493,1,1
0,27,12,1,0,1,0,12353.226,0.185431919,0.323353501,1,1
0,19,12,0,0,1,0,12532.258,-0.034940852,0.054035272,1,1
0,29,17,0,0,1,0,19693.548,-2.107666278,-2.051953916,0,0
0,20,12,0,0,1,0,8772.5806,-0.215534619,-0.168542953,1,1
0,25,12,0,0,1,0,14202.629,-1.520428119,-1.97468523,1,1
0,29,16,0,0,1,0,5370.9677,-1.466910398,-1.447200263,1,1
0,23,14,0,0,0,0,12174.194,-0.859048515,-0.774987964,1,1
0,28,12,0,0,1,0,12532.258,-1.433978464,-1.659223744,1,1
0,30,14,0,0,1,0,14322.581,-1.18741976,-1.15997915,1,1
0,26,16,1,0,1,0,19693.548,-0.048356204,0.219361229,1,1
0,24,12,0,1,1,0,16470.968,0.505305058,1.002645423,1,1
0,22,12,1,0,1,0,13427.419,-0.540185324,-0.707219418,1,1
0,27,12,0,0,1,0,15833.613,-1.200991107,-1.511911252,1,1
0,22,12,1,0,1,0,17903.226,1.035303879,1.522614377,1,1
0,42,13,0,0,1,0,0,-0.156019952,-0.759896345,1,1
0,22,12,1,0,1,0,0,1.550163054,1.655232544,1,1
0,47,12,0,0,1,0,0,1.076085172,0.584601055,1,1
0,26,12,0,0,1,0,716.12903,-0.562025707,-0.683694342,1,1
0,21,12,0,0,1,0,3222.5806,0.18079022,0.370124496,1,1
0,25,16,0,0,0,0,6042.3387,-1.591030112,-1.842890242,0,0
0,25,12,1,0,1,0,8235.4839,0.002139371,-0.026541366,1,1
0,23,12,0,0,0,0,10741.935,0.480837402,0.762712242,1,1
0,33,12,1,0,0,0,11100,-0.698094381,-0.935579062,1,1
0,55,16,1,0,1,0,11995.161,-0.978047383,-1.511698748,1,1
0,47,12,1,0,1,0,12433.79,-0.385748254,-1.089201598,1,1
0,20,12,1,0,1,0,12532.258,1.028262734,1.366723352,1,1
0,26,12,1,0,1,0,12532.258,0.347703685,0.526001163,1,1
0,31,12,0,0,1,0,12532.258,-0.15412003,0.091049666,1,1
0,30,12,0,0,1,0,12532.258,-0.73696898,-0.761177096,1,1
0,21,12,1,0,0,0,13339.694,0.832946046,1.027860233,1,1
0,28,17,0,0,1,0,13427.419,-1.538760524,-1.490925809,1,1
0,24,12,0,0,1,0,13427.419,-0.081998167,0.117898275,1,1
0,28,12,0,0,1,0,13606.452,-0.706435148,-0.691424785,1,1
0,23,12,0,0,0,0,14322.581,0.208011258,0.413068804,1,1
0,35,12,0,0,0,0,15038.71,-0.971191226,-1.141133467,1,1
0,27,14,0,0,1,0,15217.742,-1.459033943,-1.595160014,1,1
0,23,12,0,0,1,0,15754.839,-1.200705789,-1.558517016,1,1
0,24,12,1,0,1,0,16112.903,1.264972658,1.659358635,1,1
0,24,12,0,0,1,0,16112.903,-1.291735976,-1.324736215,1,1
0,39,12,1,0,1,0,17008.065,-0.85015294,-1.316642119,1,1
0,33,12,0,0,1,0,18082.258,-1.267508908,-1.453963198,1,1
0,45,14,0,0,1,0,19102.742,-1.086464143,-1.207941962,1,1
0,45,14,0,0,1,0,19102.742,-1.60338334,-1.871791967,1,1
0,27,12,1,0,1,0,19425,0.771070938,1.264182799,1,1
0,45,17,0,0,1,0,23095.161,-1.997315493,-2.182838876,1,1
0,23,16,0,0,0,0,25601.613,-0.790644613,-0.648256883,1,1
0,26,17,0,0,1,0,29540.323,-1.957743714,-1.882731021,1,1
0,27,14,1,0,0,0,17036.71,1.409759802,2.304842303,1,1
0,21,14,0,0,1,0,8777.9516,-1.339420282,-1.608953582,1,1
0,20,12,0,0,1,0,14322.581,0.086324994,0.203595298,1,1
0,29,12,0,0,1,0,7161.2903,-0.299374778,-0.143404833,1,1
0,22,12,0,1,1,0,8611.4516,0.531790044,0.754436543,1,1
0,24,12,0,0,0,0,13427.419,-0.02003193,0.13936155,1,1
0,27,12,0,0,1,0,14859.677,-0.757774779,-0.769810081,1,1
0,23,12,0,0,1,0,11100,-0.319958448,-0.224028507,1,1
0,24,16,0,0,1,0,24706.452,-1.507146225,-1.454736878,1,1
0,23,16,0,0,0,0,6266.129,-0.100356447,0.244770137,1,1
0,33,14,0,0,1,0,14322.581,-0.142780846,-0.047639182,1,1
0,21,12,0,0,0,0,17903.226,0.006464931,0.035183067,1,1
0,23,12,0,0,1,0,23453.226,-1.259190527,-1.639420404,0,1
0,20,12,1,0,1,0,17903.226,0.531438045,0.738099707,1,1
0,24,12,0,0,1,0,19693.548,0.952561596,1.370722397,1,1
0,29,12,1,0,1,0,15396.774,-0.488344433,-0.690963547,1,1
0,34,12,0,0,1,0,14322.581,-0.052341631,-0.165170057,1,1
0,44,12,0,0,1,0,14424.629,-0.416407123,-0.506346702,1,1
0,23,12,0,0,1,0,19335.484,-0.83431716,-0.92282676,1,1
0,26,14,1,0,1,0,17187.097,-0.107443571,0.103519038,1,1
0,51,12,0,0,1,0,19245.968,-0.143320542,-0.634391936,1,1
0,41,12,0,0,1,0,23274.194,-1.314321643,-1.72196202,1,1
0,37,13,0,0,1,0,8951.6129,-1.28785854,-1.457932826,1,1
0,26,16,0,0,1,0,11637.097,-1.735476143,-1.611883444,1,1
0,24,12,1,0,1,0,11816.129,-0.357129975,-0.428832869,1,1
0,22,14,1,0,1,0,12532.258,-0.467833217,-0.450759968,1,1
0,27,12,1,0,1,0,13427.419,-0.683418891,-0.804433649,1,1
0,23,13,0,0,1,0,14322.581,-0.649568834,-0.585028683,1,1
0,27,12,0,0,1,0,14322.581,-1.135994755,-1.196606078,1,1
0,28,12,1,0,1,0,14859.677,0.143241709,0.308455481,1,1
0,21,12,0,0,1,0,15217.742,-1.042135818,-1.379382889,1,1
0,28,12,0,0,1,0,15933.871,-0.590844247,-0.511948568,0,0
0,22,13,0,0,1,0,16112.903,-0.159825638,0.156819533,0,0
0,20,12,0,0,1,0,16112.903,-1.657755172,-1.668736801,1,1
0,24,16,0,0,1,0,16470.968,-1.164848447,-1.07395601,1,1
0,22,12,0,0,1,0,16829.032,0.536232674,1.07024949,1,1
0,27,12,0,1,1,0,16829.032,-1.148435919,-1.341019985,1,1
0,35,12,1,0,1,0,17187.097,0.448809722,0.65376253,1,1
0,23,16,0,0,1,0,19693.548,-1.092054212,-0.958775139,1,1
0,22,16,0,0,1,0,19693.548,-1.745237044,-1.669266422,1,1
0,23,16,0,0,1,0,23274.194,-1.395062374,-1.339206707,1,1
0,20,12,0,0,1,0,26854.839,0.045321922,0.239929001,1,1
0,22,12,1,0,1,0,14680.645,0.503655644,0.735558103,1,1
0,24,12,0,0,1,0,719.70968,0.534987903,0.763609107,1,1
0,26,12,0,0,1,0,10741.935,-1.083178407,-1.302895485,0,0
0,42,12,1,0,1,0,11185.935,-0.286072515,-0.706022097,0,1
0,28,15,0,0,1,0,18619.355,-2.08742304,-2.107172691,1,1
0,24,13,0,0,1,0,14322.581,-0.788187837,-0.765073891,1,1
0,50,12,0,0,1,0,14322.581,-1.503583098,-2.100458107,1,1
0,50,12,0,0,1,0,14322.581,-1.416029861,-1.97838835,1,1
0,28,13,0,0,1,0,14322.581,-0.357481783,-0.150877027,1,1
0,25,12,0,0,1,0,16112.903,0.186350478,0.544164934,1,1
0,31,12,1,0,0,0,17903.226,0.808056991,1.023172483,1,1
0,32,16,1,0,1,0,19693.548,-1.86355882,-1.985128879,1,1
0,22,12,0,0,1,0,19693.548,-0.601517182,-0.598087299,1,1
0,22,13,1,0,1,0,14320.79,0.916524614,1.514091492,1,1
0,26,12,1,0,1,0,8951.6129,0.351416197,0.546189492,1,1
0,22,12,0,0,1,0,8951.6129,0.976585327,1.956703722,1,1
0,29,12,0,0,0,0,14370.919,-0.065321834,0.090371011,1,1
0,53,17,0,0,1,0,16399.355,-1.663030664,-1.794087087,1,1
0,25,12,0,0,1,0,17724.194,-0.758782567,-0.81977837,1,1
0,26,12,1,0,1,0,18175.355,0.192551581,0.34355286,1,1
0,24,16,0,0,0,0,19505.565,-1.087820035,-1.013468011,1,1
0,27,17,0,0,0,0,0,0.93585467,1.263827048,1,1
0,46,12,0,0,1,0,734.03226,-0.03070346,-0.486472699,1,1
0,25,12,1,0,1,0,3738.1935,0.065996681,0.102915992,1,1
0,21,13,0,0,0,0,4946.6613,-0.55095631,-0.645237797,1,1
0,37,12,0,0,1,0,8951.6129,-2.05722131,-2.438089162,1,1
0,37,12,0,0,1,0,8951.6129,-0.671120021,-0.780291583,1,1
0,28,15,1,0,1,0,9452.9032,-1.464956285,-1.473024054,1,1
0,22,12,0,0,0,0,10741.935,-1.259141582,-0.987763683,1,1
0,22,12,0,0,0,0,11637.097,0.506796006,0.834742643,1,1
0,27,12,0,0,1,0,12532.258,0.782093578,1.242007183,1,1
0,21,13,1,0,1,0,12532.258,0.309505485,0.489236075,1,1
0,49,16,0,0,1,0,12890.323,-1.266052518,-1.332985756,1,1
0,26,12,0,0,1,0,13427.419,-0.553006284,-0.504373838,0,0
0,33,14,0,0,1,0,13427.419,-1.36744513,-1.435935913,1,1
0,28,15,0,0,1,0,13785.484,-0.893133659,-0.730324842,1,1
0,29,17,0,0,1,0,14143.548,-1.743244536,-1.74378896,1,1
0,54,16,1,0,1,0,14322.581,-1.108860906,-1.622454867,1,1
0,25,14,0,1,1,0,14322.581,-0.422834629,-0.312250512,1,1
0,32,12,0,0,1,0,14322.581,-1.245692412,-1.454490922,1,1
0,40,12,0,0,1,0,14322.581,-0.461939092,-0.596870686,1,1
0,40,12,0,0,1,0,14322.581,-1.205128582,-1.504516653,1,1
0,27,16,0,0,1,0,14322.581,-1.877992385,-1.955428207,1,1
0,24,12,0,0,1,0,14680.645,-0.17829234,0.079342956,1,1
0,43,12,0,0,1,0,14680.645,-1.518075907,-1.940126489,1,1
0,25,16,0,0,1,0,15217.742,-1.381628532,-1.314653134,1,1
0,26,12,1,0,1,0,15217.742,0.13741898,0.277490076,1,1
0,34,12,1,0,1,0,15754.839,0.424944476,0.434361882,1,1
0,21,13,0,0,1,0,15933.871,-0.27344507,-0.123118255,1,1
0,21,12,1,0,1,0,16112.903,0.512764974,0.726559407,1,1
0,23,12,1,0,1,0,16202.419,0.943203604,1.273730303,1,1
0,26,12,0,0,1,0,16470.968,0.300002753,0.757463949,1,1
0,28,14,0,0,1,0,16757.419,-0.890144347,-0.785103511,1,1
0,26,17,0,0,1,0,16829.032,-1.561331779,-1.495517184,1,1
0,20,14,0,0,0,0,17008.065,-1.137355828,-1.259601982,1,1
0,26,12,1,0,1,0,17983.79,-0.685263987,-0.825752084,1,1
0,21,12,1,0,1,0,19693.548,0.304645028,0.425651487,1,1
0,41,12,0,0,1,0,19693.548,-1.52546802,-1.911533367,1,1
0,28,16,0,0,1,0,19693.548,-1.63968081,-1.568451483,1,1
0,23,16,0,0,0,0,21483.871,-0.92462961,-0.792987817,1,1
0,22,12,0,0,1,0,22916.129,-0.129769327,0.11829876,1,1
0,27,14,0,1,0,0,23274.194,-0.356905362,-0.260436821,1,1
0,26,16,0,0,1,0,23274.194,-1.169103212,-1.071115038,1,1
0,54,12,0,0,1,0,25064.516,-0.985650819,-1.684848458,0,0
0,54,12,0,0,1,0,25064.516,-2.062986929,-2.835938832,0,0
0,54,12,1,0,0,0,25064.516,-0.292959612,-1.602947713,1,1
0,37,16,0,0,0,0,26854.839,-1.517144702,-1.600173465,1,1
0,32,13,0,0,1,0,30435.484,-1.976130593,-2.203888448,1,1
0,29,12,0,0,1,0,17487.871,-0.430861549,-0.363940998,1,1
0,22,13,0,0,1,0,15826.452,0.198086095,0.650210056,1,1
0,23,12,1,0,1,0,30435.484,1.111680363,1.536123113,1,1
0,36,12,0,0,1,0,12727.403,-1.140667524,-1.302125677,1,1
0,21,13,0,0,1,0,21483.871,0.42827825,0.787313404,1,1
0,21,12,0,0,1,0,16291.935,-0.174873448,-0.052606877,1,1
0,26,12,1,0,1,0,17903.226,-0.144014614,-0.022950077,1,1
0,28,12,1,0,1,0,19693.548,-0.402645046,-0.489377831,1,1
0,43,12,0,0,1,0,14322.581,-1.250828394,-1.62927327,1,1
0,27,12,1,0,1,0,16112.903,-0.17400402,-0.195730352,1,1
0,36,17,0,0,0,0,30793.548,-1.485015731,-1.510721002,1,1
0,23,12,0,0,1,0,4833.871,-0.053362964,0.096875987,1,1
0,31,12,0,0,1,0,15038.71,-0.889200066,-0.948982572,1,1
0,25,14,0,0,1,0,15217.742,-0.816474195,-0.746054824,1,1
0,35,12,1,0,1,0,16086.048,0.490885434,0.501771854,1,1
0,23,16,0,0,1,0,16829.032,-0.790723478,-0.745598948,1,1
0,21,12,0,0,1,0,20588.71,-1.201782729,-1.501637477,1,1
0,22,12,0,0,0,0,9846.7742,-1.123767214,-1.73844823,1,1
0,36,12,1,0,1,0,21304.839,0.12995942,0.182899287,1,1
0,21,12,0,0,1,0,18529.839,-1.208268843,-1.300108115,1,1
0,28,12,0,0,1,0,13298.516,-0.842762703,-0.901696115,0,1
0,24,12,0,1,1,0,8951.6129,-0.799709525,-0.733563821,1,1
0,30,12,0,0,0,0,14680.645,-1.164016049,-1.579093605,1,1
0,44,12,0,0,1,0,16112.903,-0.815013038,-1.190999908,1,1
0,30,12,0,0,1,0,16650,-0.501857138,-0.40410119,1,1
0,34,12,0,0,1,0,16829.032,-1.318742055,-1.566349754,1,1
0,26,16,0,0,1,0,21483.871,-2.865217491,-3.133933441,1,1
0,23,16,0,0,1,0,21483.871,-1.611558551,-1.655894846,1,1
0,20,12,0,0,0,0,19604.032,0.639537163,0.941903261,1,1
0,26,13,0,0,0,0,3580.6452,-0.819802702,-1.226424595,1,1
0,21,12,1,0,1,0,9846.7742,0.734862054,1.002491965,1,1
0,25,12,0,0,1,0,12181.355,-0.524261684,-0.478172139,1,1
0,23,15,0,0,1,0,13427.419,-0.743982844,-0.555679492,1,1
0,25,12,1,0,0,0,14859.677,0.842694691,1.091447421,1,1
0,28,16,0,0,1,0,15396.774,-1.971423371,-2.032409473,1,1
0,38,14,0,0,1,0,16112.903,-0.866251997,-0.784711333,1,1
0,29,17,0,0,1,0,16112.903,-1.709258064,-1.6916339,1,1
0,24,17,0,0,1,0,16650,-1.519035026,-1.448924818,1,1
0,25,16,1,0,1,0,17008.065,-1.498504696,-1.513920572,1,1
0,55,12,0,0,1,0,17545.161,-1.215060865,-2.020282356,1,1
0,30,14,0,0,1,0,17545.161,-1.705387144,-1.776251799,0,0
0,21,12,0,0,0,0,17903.226,0.221140852,0.375947975,1,1
0,26,12,0,0,1,0,17903.226,0.265224844,0.948026658,1,1
0,34,12,0,0,1,0,19532.419,-1.753045553,-2.1500214,1,1
0,22,12,0,0,1,0,19693.548,-1.465608256,-1.834727352,1,1
0,22,16,0,0,0,0,22737.097,0.212248624,0.544389699,1,1
0,27,15,0,0,0,0,23274.194,-1.087880753,-1.072219704,1,1
0,26,12,0,0,0,0,23274.194,-0.580857564,-0.587782894,1,1
0,26,16,0,0,1,0,24706.452,-0.985787256,-0.687534367,1,1
0,24,14,1,0,1,0,28466.129,-0.843647894,-0.762812287,1,1
0,26,14,1,0,0,0,21483.871,1.211584337,1.75238741,1,1
0,23,12,1,0,1,0,10491.29,0.766624981,1.092802021,1,1
0,28,14,0,0,0,0,12174.194,-0.918143799,-0.933312936,1,1
0,21,12,0,0,1,0,15396.774,1.010120113,2.101155916,0,0
0,30,12,0,0,1,0,17366.129,-1.222024444,-1.359047687,1,1
0,24,12,0,0,1,0,18619.355,-0.114298272,0.152750414,1,1
0,51,12,0,0,1,0,19693.548,-0.942737888,-1.490230706,1,1
0,21,14,0,0,0,0,19693.548,0.647551251,1.096416076,1,1
0,22,14,1,0,1,0,21125.806,0.993299866,1.368901539,1,1
0,24,12,0,0,1,0,9311.4677,-0.365292676,-0.283608884,1,1
0,23,15,0,0,1,0,20844.726,-1.568624321,-1.63109492,1,1
0,26,14,0,0,1,0,25064.516,-0.954439136,-0.806353919,1,1
0,45,12,0,0,1,0,16381.452,-1.563491286,-1.983899617,1,1
0,46,13,0,0,1,0,15754.839,-0.538468198,-0.438932768,1,1
0,29,12,0,0,1,0,19686.387,-0.763025428,-0.782830209,1,1
0,26,14,0,0,1,0,20588.71,-1.356058146,-1.335071353,1,1
0,27,16,0,0,1,0,24885.484,-1.446538072,-1.339339313,1,1
0,26,14,0,0,1,0,7161.2903,-1.854527124,-2.054994631,1,1
0,20,15,0,0,1,0,8056.4516,-1.386078685,-1.398679329,1,1
0,23,12,0,0,1,0,12532.258,0.423833585,0.849188233,1,1
0,30,16,0,0,1,0,17867.419,-1.950940965,-1.854233688,1,1
0,24,12,0,0,1,0,22379.032,-1.250033812,-1.342852832,1,1
0,23,12,0,0,1,0,0,1.598179144,1.884316199,1,1
0,34,12,0,0,1,0,0,1.717078163,1.840761398,0,1
0,24,12,0,1,1,0,4848.1935,0.655971874,0.99749845,1,1
0,43,12,1,0,1,0,10741.935,0.211096426,0.003449621,1,1
0,28,14,1,0,1,0,12532.258,-0.917826465,-1.059810665,1,1
0,20,12,0,0,1,0,15217.742,-0.835229489,-1.300034632,1,1
0,23,12,1,0,1,0,15217.742,1.228984361,2.02865782,1,1
0,27,14,1,0,1,0,16112.903,-0.691939051,-0.756974847,1,1
0,53,12,0,0,1,0,16112.903,-1.115638612,-1.842779533,1,1
0,28,16,0,0,1,0,16112.903,-0.869973993,-0.626262249,1,1
0,26,12,0,0,1,0,16112.903,-0.253414687,-0.184741806,1,1
0,25,15,0,0,1,0,16112.903,-0.932924032,-0.855348583,1,1
0,29,14,0,0,1,0,17187.097,0.074736142,0.409457019,1,1
0,26,12,1,0,1,0,17416.258,-0.367992547,-0.314327327,1,1
0,55,16,0,0,1,0,17903.226,-1.166741393,-1.27104148,1,1
0,22,12,0,1,1,0,17903.226,0.133553443,0.277766134,1,1
0,33,12,0,0,1,0,17903.226,-0.86454183,-0.955745595,1,1
0,34,14,0,1,1,0,17903.226,-0.361491316,-0.427384806,1,1
0,24,12,0,0,1,0,18440.323,-0.25422267,-0.068312774,1,1
0,24,12,0,0,1,0,18750.048,-0.272108767,-0.032903102,1,1
0,26,12,1,0,1,0,18798.387,0.688807869,1.068969323,1,1
0,45,12,0,0,1,0,18798.387,-1.386339568,-1.779842829,1,1
0,22,12,0,0,1,0,19693.548,-0.949778246,-1.091800967,1,1
0,55,14,0,0,1,0,19693.548,-1.887327296,-2.488770954,1,1
0,24,12,0,0,1,0,19693.548,-1.695479136,-1.882655345,1,1
0,23,12,0,0,1,0,21546.532,0.784109019,1.460594058,1,1
0,24,13,1,0,0,0,25064.516,-0.244737562,-0.014681881,1,1
0,31,13,0,0,1,0,25064.516,-1.319009843,-1.374682124,1,1
0,43,12,0,0,1,0,26854.839,-1.361713361,-1.721546898,1,1
0,43,12,0,0,1,0,26854.839,-1.030614642,-1.325605633,1,1
0,23,12,1,0,1,0,14322.581,0.922762971,1.391630219,1,1
0,22,12,0,0,1,0,12532.258,0.289258308,0.624918814,1,1
0,30,12,1,0,1,0,17366.129,-0.477843064,-0.502455284,1,1
0,28,12,0,0,0,0,5012.9032,-0.055615053,0.010787874,1,1
0,28,12,0,0,1,0,11100,-0.573412373,-0.491197077,1,1
0,21,12,0,0,0,0,12945.823,0.205438361,0.354053927,1,1
0,28,13,0,0,1,0,15396.774,-0.242771288,-0.042950992,1,1
0,25,14,0,0,1,0,14322.581,-0.797860932,-0.671559153,1,1
0,54,12,0,0,1,0,18798.387,-0.613395657,-1.242076674,1,1
0,26,16,0,0,1,0,19872.581,-1.135161789,-1.017988019,1,1
0,26,16,0,0,1,0,23274.194,-0.730202552,-0.696108262,1,1
0,49,13,0,0,1,0,17903.226,-1.195285416,-1.596532417,1,1
0,21,13,1,0,0,0,21125.806,-0.138875316,-0.125647442,1,1
0,26,16,0,0,1,0,22379.032,-1.297274563,-1.190478393,1,1
0,30,12,1,0,1,0,25422.581,-0.539745868,-0.609765381,1,1
0,21,13,0,0,1,0,8951.6129,-0.69649163,-0.723681851,1,1
0,33,12,0,0,1,0,12890.323,-0.674519667,-0.63071497,1,1
0,33,12,0,0,1,0,14412.097,-0.215976939,-0.04031406,1,1
0,40,12,0,0,1,0,17545.161,-1.116333218,-1.378193102,1,1
0,27,16,0,0,1,0,18798.387,-1.338613763,-1.278211219,1,1
0,21,12,0,0,1,0,19693.548,0.714117661,1.351989728,1,1
0,31,12,0,0,1,0,14814.919,-0.795505759,-0.777202074,1,1
0,27,14,1,0,1,0,0,2.880351552,3.288248046,1,1
0,47,17,0,0,1,0,10025.806,-1.447191493,-1.49808552,1,1
0,32,12,1,0,1,0,16112.903,-1.041279525,-1.62161286,1,1
0,28,12,1,0,0,0,17008.065,1.044277253,1.370477377,1,1
0,35,14,0,0,1,0,19693.548,-1.18892631,-1.292664466,1,1
0,26,14,0,0,1,0,19693.548,-0.528073727,-0.360158168,1,1
0,37,12,0,0,1,0,21483.871,-0.827639109,-0.930273692,1,1
0,23,12,0,0,0,0,23274.194,-0.008828973,0.136847029,1,1
0,44,12,1,0,1,0,23632.258,-1.203791533,-2.044357862,1,1
0,44,12,1,0,1,0,23632.258,-0.659499832,-1.225802223,1,1
0,36,12,1,0,1,0,25064.516,-0.867834134,-1.279859249,1,1
0,26,12,0,0,1,0,18261.29,-0.984354782,-1.097223199,1,1
0,23,14,0,0,1,0,21662.903,-0.716767487,-0.651859696,1,1
0,32,13,1,0,1,0,14143.548,0.337040048,0.861832112,1,1
0,33,12,0,0,0,0,16028.758,-0.263393284,-0.17405758,1,1
0,37,12,1,0,1,0,16112.903,-1.013064079,-1.534751326,1,1
0,27,12,0,0,1,0,17187.097,-0.438984425,-0.328491144,1,1
0,43,12,0,0,1,0,17903.226,-0.400845486,-0.585005114,1,1
0,27,16,0,0,1,0,17903.226,-1.755528045,-1.721185969,1,1
0,24,12,0,0,1,0,17903.226,-0.616770375,-0.592962365,1,1
0,24,12,0,0,1,0,18798.387,-0.532613139,-0.479528863,1,1
0,34,12,1,0,0,0,30435.484,-0.371345181,-0.462952626,1,1
0,42,12,0,0,1,0,17008.065,-0.758578189,-1.011465908,1,1
0,24,13,1,0,1,0,16112.903,-0.07260133,0.023934144,1,1
0,27,12,0,0,1,0,11995.161,-0.365940532,-0.281814341,1,1
0,23,12,1,0,1,0,13427.419,-0.095839114,-0.199758587,1,1
0,26,16,0,0,1,0,16112.903,-1.724738237,-1.704140049,1,1
0,27,12,1,0,1,0,19693.548,0.472395678,0.771654592,1,1
0,37,12,1,0,1,0,25959.677,-0.715622926,-1.034609495,1,1
0,37,12,0,0,1,0,20893.065,-0.14474639,-0.331647121,1,1
0,26,12,0,1,1,0,0,1.200283955,1.284303919,1,1
0,23,12,0,0,1,0,20683.597,-0.369894227,-0.255083333,1,1
0,26,13,0,0,1,0,14680.645,-0.370428227,-0.163771191,1,1
0,27,16,0,0,1,0,17688.387,-2.216212644,-2.300094823,0,0
0,27,12,0,0,0,0,19514.516,-1.441251101,-1.581236854,1,1
0,29,14,0,0,1,0,21483.871,-1.849482764,-2.143604654,1,1
0,25,16,0,0,1,0,22558.065,-0.711467027,-0.535002828,1,1
0,26,12,0,0,1,0,13024.597,-0.884790788,-0.915710767,1,1
0,22,14,0,0,1,0,17616.774,0.745115581,1.59949334,1,1
0,28,12,0,0,1,0,0,0.68099052,0.708595846,1,1
0,46,12,0,0,1,0,19201.21,-1.019521154,-1.482658355,1,1
0,33,17,0,0,0,0,0,1.366157923,1.82831156,1,1
0,23,12,0,0,1,0,12532.258,0.95734112,1.624341216,1,1
0,23,12,0,0,1,0,12532.258,0.994033178,1.595435151,0,0
0,23,13,0,0,1,0,17903.226,-0.020863783,0.25206165,1,1
0,26,16,0,0,1,0,25780.645,-0.832857396,-0.786872626,1,1
0,24,16,1,0,0,0,15217.742,0.242455167,0.460138417,1,1
0,37,12,1,0,1,0,12030.968,0.11950623,0.038858205,1,1
0,50,16,0,0,0,0,0,-0.334518322,-1.143972033,1,1
0,26,13,0,0,1,0,0,0.344436581,0.470455037,1,1
0,21,12,1,0,0,0,716.12903,1.413680026,1.578564226,1,1
0,25,12,1,0,1,0,5370.9677,0.35520978,0.497269578,1,1
0,24,13,1,0,1,0,11637.097,-0.209216491,-0.166910693,1,1
0,24,12,1,0,0,0,11995.161,1.17526724,1.518083907,1,1
0,32,14,1,0,1,0,12335.323,-0.108512233,-0.094491622,1,1
0,27,16,0,0,1,0,12532.258,-1.391982902,-1.336422302,1,1
0,21,12,0,1,1,0,12532.258,1.33141968,1.644633896,1,1
0,24,16,0,0,1,0,12890.323,-1.926835839,-2.000074324,1,1
0,45,14,0,0,1,0,13606.452,-1.541627509,-1.820579359,1,1
0,38,12,0,0,1,0,13964.516,-1.442380698,-1.755969162,1,1
0,27,15,0,0,1,0,14859.677,-2.273422589,-2.576453631,1,1
0,20,12,1,0,1,0,16709.081,0.566107143,0.753787231,1,1
0,23,12,1,0,1,0,17008.065,0.27690271,0.42639192,1,1
0,33,12,0,0,1,0,17008.065,-0.242544823,-0.014829448,1,1
0,24,13,0,0,1,0,17187.097,-0.42219981,-0.234469028,1,1
0,44,12,0,0,1,0,17187.097,-1.51086615,-2.043043588,1,1
0,34,12,1,0,1,0,17366.129,0.628264209,1.303211177,1,1
0,23,12,1,0,1,0,17366.129,0.986995075,1.4148549,1,1
0,27,12,1,0,1,0,17724.194,0.465139951,0.668625242,1,1
0,25,16,0,0,1,0,17903.226,-1.543405421,-1.486644463,1,1
0,22,12,0,0,1,0,17903.226,-0.858826433,-0.995451624,1,1
0,24,16,0,0,0,0,17903.226,-1.21261285,-1.177457283,1,1
0,23,12,0,0,1,0,17903.226,0.199207075,0.538207724,1,1
0,31,16,0,0,1,0,17903.226,-0.479906655,-0.242420564,1,1
0,23,12,1,0,1,0,17903.226,1.240420905,1.779870028,1,1
0,27,12,0,0,1,0,18082.258,-0.959509232,-0.981719686,1,1
0,20,12,1,0,1,0,18619.355,-0.070820037,0.014926066,1,1
0,20,12,0,0,1,0,18798.387,-0.094583379,0.020030713,1,1
0,52,15,0,0,1,0,18798.387,-2.456810949,-2.932472129,1,1
0,33,16,0,0,1,0,19335.484,-1.440876295,-1.439285008,1,1
0,40,12,0,0,1,0,19335.484,-1.221256223,-1.509314261,1,1
0,31,12,1,0,1,0,19466.177,-0.560724517,-0.683793627,1,1
0,35,12,0,0,1,0,19693.548,-2.093668539,-2.47895521,1,1
0,33,12,0,0,0,0,19693.548,-0.140582237,-0.216817386,1,1
0,22,12,0,0,1,0,19693.548,-0.74559913,-0.769684562,1,1
0,29,16,1,0,1,0,20588.71,-1.65714635,-1.83516542,1,1
0,26,12,0,0,1,0,21125.806,-2.494052649,-2.93828986,1,1
0,23,12,0,0,1,0,21215.323,-0.505218674,-0.452300443,1,1
0,30,12,0,0,1,0,21483.871,-0.243760083,0.097517397,1,1
0,43,12,0,0,1,0,21483.871,-0.37933141,-0.530594617,1,1
0,43,12,0,0,1,0,21483.871,-1.388392206,-1.731424708,1,1
0,31,12,0,0,1,0,21483.871,-1.197713041,-1.396775203,1,1
0,23,12,0,0,1,0,21483.871,-0.237925605,-0.138329267,1,1
0,23,13,0,0,1,0,21483.871,-1.25000364,-1.342304335,1,1
0,28,16,0,0,1,0,21483.871,-1.391322535,-1.362726898,1,1
0,30,12,0,0,1,0,21483.871,-0.625451313,-0.360933626,1,1
0,53,12,1,0,1,0,21483.871,0.367241144,-0.624568598,1,1
0,32,12,0,0,1,0,21483.871,-1.04239487,-1.155530169,1,1
0,43,12,0,0,1,0,21739.887,-1.264424487,-1.648662791,1,1
0,43,12,0,0,1,0,21739.887,-1.568763437,-2.059252684,1,1
0,37,17,0,0,0,0,23005.645,-2.005279733,-2.006834467,1,1
0,23,12,1,0,1,0,23274.194,0.124946248,0.240746067,1,1
0,28,12,1,0,1,0,24169.355,0.10656658,0.335311747,1,1
0,27,14,1,0,0,0,25064.516,0.599496942,1.059452599,1,1
0,46,12,0,0,0,0,25064.516,-1.127455612,-1.83727472,1,1
0,30,12,1,0,1,0,26854.839,0.70799446,0.944869219,1,1
0,35,17,0,0,1,0,44758.065,-1.848630423,-1.920414927,1,1
0,26,15,0,0,1,0,19335.484,-1.323878514,-1.283500896,1,1
0,25,12,0,0,1,0,8736.7742,-0.954376808,-0.987742868,1,1
0,24,12,0,0,1,0,6624.1935,-1.80865957,-2.42756965,1,1
0,22,14,0,0,1,0,20141.129,-0.43611442,-0.181098589,1,1
0,27,13,0,0,1,0,20051.613,-0.630921959,-0.406795797,1,1
0,36,12,1,0,1,0,25064.516,-0.600704239,-0.830498853,1,1
0,35,13,0,0,1,0,21269.032,-1.244028243,-1.341269899,1,1
0,34,12,1,0,1,0,23274.194,-0.06414108,-0.092616698,1,1
0,28,14,0,0,1,0,12532.258,-2.147904515,-1.990166782,1,1
0,18,12,0,0,1,0,23274.194,-0.417583636,-0.404794119,1,1
0,21,12,0,0,1,0,21215.323,0.269916624,0.468769783,1,1
0,28,16,1,0,1,0,19335.484,-1.706861795,-1.880307021,1,1
0,24,14,0,0,1,0,0,1.046340663,1.358180378,0,0
0,30,12,0,0,1,0,15754.839,-1.698685125,-2.024003523,1,1
0,42,12,0,0,1,0,17455.645,-0.852622852,-1.194694204,0,1
0,24,12,0,0,1,0,19693.548,-0.570855708,-0.530519495,1,1
0,40,12,0,0,1,0,19693.548,-2.049961765,-2.648806988,1,1
0,25,17,0,0,1,0,21036.29,-0.786655811,-0.645590623,1,1
0,27,17,0,0,1,0,21578.758,-2.098374011,-2.048928697,1,1
0,24,16,0,0,1,0,17903.226,-1.878982749,-1.809876182,1,1
0,25,16,1,0,0,0,19335.484,-0.257125885,-0.13741694,1,1
0,53,16,0,0,1,0,20112.484,-1.24568095,-1.221716709,1,1
0,28,12,0,0,1,0,17903.226,-1.290612487,-1.64354647,1,1
0,20,12,0,0,1,0,18655.161,-0.153242079,-0.055384637,1,1
0,26,12,0,0,1,0,20946.774,-0.446099267,-0.342550216,1,1
0,33,12,0,0,1,0,21483.871,-0.637838175,-0.589300518,1,1
0,24,14,0,0,0,0,11637.097,-0.306714374,-0.116533714,1,1
0,38,12,1,0,0,0,14322.581,-0.002780303,-0.257265954,1,1
0,27,12,0,0,1,0,17545.161,-1.106448112,-1.258712989,1,1
0,27,16,0,0,1,0,18619.355,-1.437117745,-1.378849706,1,1
0,31,13,0,0,1,0,18798.387,-1.631402953,-1.905021024,1,1
0,26,15,0,0,1,0,18798.387,-2.933246678,-2.97980022,1,1
0,28,16,0,0,1,0,18798.387,-1.34639055,-1.242262261,1,1
0,26,17,0,0,1,0,18977.419,-1.043149396,-0.914995072,1,1
0,52,12,0,0,1,0,18977.419,-2.420483109,-3.218423667,1,1
0,25,12,0,0,1,0,20588.71,-1.353114808,-1.438286257,1,1
0,24,12,0,0,1,0,20767.742,-0.169331796,0.011191863,1,1
0,41,12,0,0,1,0,21483.871,0.032151976,-0.072804453,1,1
0,40,12,0,0,1,0,24772.694,-1.172646589,-1.418140674,1,1
0,40,12,0,0,1,0,24772.694,-1.486195919,-1.859749988,1,1
0,32,13,0,0,1,0,25064.516,-1.31195018,-1.403080011,1,1
0,24,12,1,0,1,0,25959.677,1.086364957,1.315314201,1,1
0,46,12,1,0,1,0,32225.806,-1.051360878,-1.627593138,1,1
0,31,13,0,0,1,0,33658.065,-1.556005872,-1.807846337,1,1
0,25,15,0,0,0,0,21483.871,-1.151096995,-1.156854043,1,1
0,29,12,0,0,1,0,0,0.440704473,0.395017915,1,1
0,25,14,0,0,0,0,14322.581,-0.455323552,-0.317009126,1,1
0,42,16,0,0,1,0,19693.548,-0.936680841,-1.042939559,1,1
0,24,12,0,0,1,0,23274.194,-0.383221667,-0.255514116,1,1
0,25,14,1,0,1,0,23274.194,-0.570879076,-0.591981326,1,1
0,44,12,0,0,1,0,12174.194,-1.2244302,-1.666192143,1,1
0,27,12,0,0,0,0,18440.323,-1.007242031,-1.270600894,1,1
0,28,14,0,0,1,0,20588.71,-0.830636989,-0.660782409,1,1
0,33,16,0,0,1,0,21483.871,-1.670169235,-1.678952025,1,1
0,25,16,0,0,1,0,24706.452,-1.549531933,-1.515804353,1,1
0,26,12,1,0,1,0,22379.032,2.515922598,2.742840782,1,1
0,39,12,0,0,1,0,20366.71,-1.008114921,-1.162305323,1,1
0,31,14,0,0,1,0,20141.129,-1.746371804,-1.802195242,1,1
0,31,14,0,0,1,0,20141.129,-1.565132486,-1.670344864,1,1
0,23,13,1,0,1,0,17903.226,0.743849999,1.174814958,1,1
0,42,12,0,0,1,0,21483.871,-1.112585068,-1.401331803,1,1
0,36,14,0,0,1,0,23460.387,-1.893772174,-2.355491862,0,0
0,26,12,0,0,1,0,24169.355,-0.281000789,0.094963571,1,1
0,46,17,0,0,0,0,24094.161,-1.880274467,-2.238580789,1,1
0,31,12,0,0,1,0,15038.71,0.03123748,0.441953941,1,1
0,27,12,1,0,1,0,20588.71,0.716000523,1.10029237,1,1
0,25,12,0,1,1,0,26586.29,-0.519059427,-0.516841985,1,1
0,42,16,0,0,1,0,0,0.435690499,0.556353661,1,1
0,28,12,0,0,1,0,8366.1774,-0.588762915,-0.559871142,0,1
0,28,12,0,0,1,0,10562.903,-0.16683141,-0.059150213,1,1
0,27,13,0,0,1,0,14322.581,-0.652747819,-0.532985388,1,1
0,35,12,1,0,1,0,14322.581,-0.886651577,-1.137464822,1,1
0,35,12,1,0,1,0,14322.581,-0.748782949,-1.046500131,1,1
0,26,12,0,0,1,0,15217.742,-0.122001761,0.311772063,1,1
0,19,12,0,0,1,0,15754.839,-0.274836408,-0.285868316,1,1
0,29,12,0,0,1,0,17008.065,-1.035350737,-1.127573159,1,1
0,34,12,1,0,1,0,17903.226,-0.933464647,-1.198875444,1,1
0,28,16,0,0,1,0,18619.355,-1.305704418,-1.268847821,1,1
0,31,16,0,0,1,0,18798.387,-0.585629399,-0.292954452,1,1
0,37,15,1,0,0,0,19210.161,-1.26925963,-1.662165735,1,1
0,40,12,0,0,1,0,19693.548,-1.131872355,-1.390156901,1,1
0,37,12,0,0,1,0,19693.548,-0.389893914,-0.383081102,1,1
0,48,12,0,0,1,0,20230.645,-1.176741689,-1.660803444,0,0
0,43,12,0,0,1,0,20588.71,-0.911613119,-1.237137132,1,1
0,26,16,0,0,1,0,20588.71,-2.071665748,-1.938462796,1,1
0,29,12,0,0,1,0,20588.71,-0.637155263,-0.537517914,1,1
0,27,12,0,0,1,0,21120.435,-0.877443109,-0.906375807,1,1
0,22,14,0,0,1,0,21483.871,-0.336907352,-0.023373894,1,1
0,23,12,0,0,1,0,21483.871,0.152488278,0.551106867,1,1
0,21,12,0,0,1,0,21483.871,1.547135807,2.569171294,1,1
0,36,12,0,0,1,0,21483.871,-0.850273277,-0.853540914,1,1
0,26,16,0,0,1,0,21483.871,-1.296024148,-1.215976124,1,1
0,33,12,0,0,1,0,21483.871,-0.917610279,-0.986059879,1,1
0,37,12,0,0,1,0,22379.032,-1.33590569,-1.536836939,1,1
0,29,16,0,0,0,0,22737.097,-1.036936151,-0.99964373,1,1
0,25,14,0,0,1,0,22916.129,-1.294028616,-1.278106493,1,1
0,27,16,0,0,1,0,23274.194,-1.418854918,-1.341059195,1,1
0,41,17,0,0,1,0,23274.194,-1.407131492,-0.995360271,1,1
0,29,16,0,0,1,0,23274.194,-2.018598794,-2.211044982,1,1
0,34,14,0,0,1,0,23274.194,-0.976158194,-0.6974294,1,1
0,45,12,0,0,1,0,23632.258,-0.327550809,-0.630968236,1,1
0,41,12,1,0,1,0,24885.484,-0.614935401,-1.02980196,1,1
0,35,13,1,0,1,0,25959.677,-1.970408463,-2.652587161,1,1
0,23,12,0,0,1,0,25959.677,-0.877239364,-0.987859499,1,1
0,43,17,0,0,0,0,25959.677,-0.92443252,-1.082815745,1,1
0,21,12,0,0,1,0,26138.71,-0.385150346,-0.320202218,1,1
0,22,12,0,0,1,0,26765.323,-1.123408782,-1.257608936,1,1
0,25,17,0,0,1,0,31151.613,-1.839035981,-1.832767428,1,1
0,23,16,0,0,1,0,35806.452,-1.059426726,-0.820262816,1,1
0,28,14,0,0,1,0,26854.839,-0.991023624,-0.876419062,1,1
0,44,13,0,0,1,0,21918.919,-1.447244131,-1.769086728,1,1
0,23,12,0,0,0,0,11413.306,-0.009287809,0.060530454,1,1
0,39,14,0,0,1,0,21841.935,-1.649152032,-1.819561361,1,1
0,23,12,0,0,1,0,21483.871,-0.993740808,-1.062174178,1,1
0,24,14,1,0,1,0,26353.548,0.693792193,1.222466621,1,1
0,24,13,0,1,1,0,24742.258,-0.589348949,-0.547733648,1,1
0,51,12,0,0,1,0,19156.452,-0.42816348,-0.914590843,1,1
0,34,12,0,0,1,0,20409.677,-0.397315969,-0.157269719,1,1
0,27,12,0,0,1,0,20588.71,-0.211043488,-0.157550293,1,1
0,29,17,0,0,1,0,21752.419,-1.873533916,-1.817058582,1,1
0,26,14,1,0,1,0,25959.677,-0.347761556,-0.242018708,1,1
0,26,13,0,1,1,0,5671.7419,-0.253118616,-0.171248674,1,1
0,23,14,0,0,0,0,18798.387,-0.942199874,-1.039366916,1,1
0,46,12,0,0,1,0,22622.516,-1.013201382,-1.385963331,1,1
0,27,12,0,0,0,0,25422.581,-0.8915096,-0.941084893,1,1
0,30,17,1,0,1,0,27929.032,-0.799596712,-0.642144585,1,1
0,25,12,1,0,1,0,33300,-0.296074331,-0.292651847,1,1
0,27,14,0,0,1,0,23306.419,-1.101170351,-1.070206254,1,1
0,27,17,0,0,1,0,22379.032,-1.47721027,-1.41156822,1,1
0,50,12,0,0,1,0,27544.113,-1.307683811,-1.8349886,1,1
0,50,12,0,0,1,0,27544.113,-0.76789929,-1.367283259,1,1
0,50,12,0,0,1,0,27544.113,-1.445565687,-1.959233893,1,1
0,48,12,0,0,1,0,23881.113,-0.71750067,-1.062058387,1,1
0,24,16,0,0,1,0,22880.323,-2.222800072,-2.277579665,1,1
0,25,12,0,1,1,0,24169.355,-0.142453501,-0.057495111,1,1
0,37,12,0,0,1,0,16385.032,-0.216941508,-0.078221792,1,1
0,37,12,0,0,1,0,16385.032,-1.520627849,-1.913599474,1,1
0,29,12,1,0,1,0,18619.355,-0.57836814,-0.69331085,1,1
0,27,15,0,0,1,0,20588.71,-1.109650615,-0.95898541,1,1
0,41,12,0,1,1,0,20946.774,-0.735217179,-1.058509026,1,1
0,29,12,0,0,1,0,21483.871,-0.717135691,-0.677747004,1,1
0,27,16,0,0,1,0,21483.871,-1.238579666,-1.181495073,1,1
0,44,12,0,0,1,0,22379.032,-0.867533104,-1.113267143,1,1
0,26,13,0,0,1,0,22379.032,-0.443490227,-0.106098533,1,1
0,34,12,0,0,1,0,22379.032,-0.845463192,-0.953244933,1,1
0,20,12,0,0,1,0,23274.194,-0.428571212,-0.369251847,1,1
0,43,14,0,0,1,0,23274.194,-1.221316753,-1.319585893,1,1
0,47,12,0,1,1,0,25028.71,0.431046058,0.019411873,1,1
0,31,12,0,0,1,0,25064.516,-1.069727348,-1.157165113,1,1
0,33,12,0,0,1,0,26496.774,-1.612484854,-1.733526423,1,1
0,24,12,1,0,0,0,26854.839,1.452356171,1.906678248,1,1
0,27,16,0,0,0,0,30435.484,-1.274455877,-1.217479656,1,1
0,23,14,0,0,1,0,33658.065,-2.098764182,-2.343423263,1,1
0,27,17,0,0,1,0,18261.29,-1.277929151,-1.055077124,1,1
0,50,16,0,0,0,0,19693.548,-1.662455953,-2.029817769,1,1
0,22,14,0,0,1,0,24706.452,-0.99767973,-0.960465346,1,1
0,31,12,1,0,1,0,1503.871,0.540848986,0.725942479,1,1
0,34,12,0,0,1,0,18619.355,-0.928233659,-1.050506889,1,1
0,28,12,0,0,1,0,20051.613,-0.409481345,-0.209105981,1,1
0,26,12,0,0,1,0,21483.871,-0.946894586,-1.00894981,1,1
0,46,12,0,0,1,0,21841.935,-0.894693446,-1.206876872,1,1
0,27,17,0,0,1,0,22379.032,-1.746322147,-1.687320635,1,1
0,47,13,0,0,1,0,22558.065,-1.041668312,-1.276565888,1,1
0,29,17,0,0,1,0,21483.871,-1.430586492,-1.233149082,1,1
0,24,16,0,0,0,0,22379.032,-1.523178984,-1.680024911,1,1
0,30,16,0,0,1,0,23274.194,-1.026187935,-0.882178285,1,1
0,23,12,0,0,1,0,24033.29,-0.839489428,-0.951616674,1,1
0,27,15,0,0,1,0,0,1.13218186,1.420295682,0,0
0,25,12,0,0,1,0,24074.468,-0.477891346,-0.310777184,1,1
0,26,12,0,0,1,0,26767.113,0.170464368,0.847759058,1,1
0,26,12,0,0,1,0,0,1.012940173,1.128188881,0,1
0,25,12,0,0,1,0,11279.032,-0.751508501,-0.734683317,1,1
0,32,12,0,0,1,0,13785.484,-0.925538443,-1.009392439,1,1
0,32,12,0,1,1,0,13964.516,-0.713536888,-0.86025993,1,1
0,50,16,0,0,0,0,14322.581,-0.966416224,-1.337728787,1,1
0,25,13,0,0,0,0,14322.581,-1.258501662,-1.385838517,1,1
0,33,12,1,0,1,0,14322.581,-0.814605121,-1.086845164,1,1
0,27,12,0,0,1,0,15038.71,-1.196026734,-1.238165896,1,1
0,28,16,1,0,1,0,16112.903,-0.449533924,-0.326041259,1,1
0,28,12,0,0,1,0,16112.903,0.14501862,0.525221104,0,0
0,38,12,0,0,1,0,16112.903,-1.146180451,-1.382978148,1,1
0,31,12,0,0,1,0,17903.226,-1.031813348,-1.095359755,1,1
0,28,12,0,0,1,0,18798.387,-0.76209947,-0.751889041,1,1
0,43,12,1,0,1,0,19421.419,0.214227543,-0.058698341,1,1
0,37,17,1,0,1,0,19693.548,-1.981505713,-2.103468661,1,1
0,37,17,1,0,1,0,19693.548,-1.33824275,-1.474725583,1,1
0,23,12,0,0,1,0,19854.677,0.233227743,0.616951873,1,1
0,55,12,0,0,1,0,20588.71,-0.614877582,-1.501936786,1,1
0,34,17,0,0,1,0,20588.71,-1.655400141,-1.599646044,1,1
0,28,17,0,0,1,0,20946.774,-1.271449517,-1.0314607,1,1
0,31,14,0,0,1,0,21483.871,-2.333245727,-2.947552965,1,1
0,28,12,0,0,1,0,21483.871,-0.456532712,-0.4662176,1,1
0,25,12,0,1,1,0,21483.871,-0.666166075,-0.725077271,1,1
0,54,15,0,0,1,0,21483.871,-2.294184357,-3.011609731,1,1
0,42,12,1,0,0,0,21483.871,0.414862378,0.052868274,1,1
0,35,12,0,0,1,0,21483.871,-0.390600456,-0.221496944,1,1
0,27,13,0,0,0,0,21483.871,-0.545776257,-0.498912645,1,1
0,45,12,0,0,1,0,21483.871,-0.574786284,-1.063719952,0,0
0,26,12,1,0,1,0,21483.871,0.971091814,1.798700609,1,1
0,28,16,0,0,1,0,21483.871,-0.925309487,-0.696887572,1,1
0,30,16,0,0,1,0,21483.871,-1.020807927,-0.53915588,1,1
0,24,12,0,1,1,0,21483.871,0.358873519,0.557712992,1,1
0,26,14,0,0,1,0,22020.968,-1.116216773,-1.065658416,1,1
0,35,14,0,0,1,0,22379.032,-2.341850084,-2.448202521,1,1
0,42,17,0,0,1,0,22379.032,-1.892891471,-1.949567504,0,0
0,42,17,0,0,1,0,22379.032,-2.199904346,-2.394744754,0,0
0,28,16,0,0,1,0,22379.032,-0.297734793,-0.018829715,1,1
0,28,12,0,0,1,0,22379.032,-0.929434249,-0.975072983,1,1
0,27,14,0,0,1,0,22558.065,-1.144435796,-1.090799828,1,1
0,35,16,0,0,1,0,22737.097,-1.428954311,-1.407873587,1,1
0,55,12,0,0,1,0,22916.129,-0.939873531,-1.707214278,1,1
0,36,14,0,0,1,0,23274.194,-0.832082299,-0.397355076,1,1
0,42,16,0,1,1,0,23274.194,-1.870064465,-2.029230496,1,1
0,22,12,0,0,1,0,23274.194,-0.315638413,-0.180475635,1,1
0,33,12,1,0,1,0,23274.194,-0.755183169,-0.930892349,1,1
0,38,12,0,0,1,0,23274.194,-1.85328641,-2.064276968,1,1
0,48,16,0,0,1,0,23274.194,-1.915785455,-2.153915985,1,1
0,48,16,0,0,1,0,23274.194,-1.715055038,-1.870468393,1,1
0,25,13,0,0,1,0,23456.806,-1.160097322,-1.16010387,1,1
0,23,14,0,0,1,0,24169.355,-1.39117651,-1.467555256,1,1
0,31,16,0,0,1,0,24706.452,-2.319980999,-2.522927065,1,1
0,26,12,0,0,1,0,24885.484,-0.771359526,-0.77813539,1,1
0,32,12,0,0,1,0,25064.516,-1.866641993,-2.275949518,1,1
0,29,13,0,0,1,0,25064.516,-0.694577158,-0.622572962,0,0
0,29,13,0,0,1,0,25064.516,-1.067641982,-1.086306673,0,0
0,30,16,0,0,1,0,25243.548,-2.479987814,-2.56374302,1,1
0,47,14,1,0,1,0,25565.806,-1.214798481,-1.682189465,1,1
0,51,12,1,0,1,0,25601.613,-0.838229703,-1.905988528,1,1
0,26,14,0,0,1,0,25780.645,-0.973533889,-0.959280436,1,1
0,32,16,0,0,1,0,25959.677,-0.871742165,-0.946698173,1,1
0,35,14,0,0,1,0,26496.774,-2.366721902,-2.817548528,1,1
0,35,14,0,0,1,0,26496.774,-1.391556457,-1.450678452,1,1
0,54,12,0,0,1,0,26854.839,-1.139645593,-1.816118186,1,1
0,55,12,0,0,1,0,26854.839,-0.568156558,-1.322415403,1,1
0,55,12,0,0,1,0,26854.839,-0.859955832,-1.596277118,1,1
0,38,12,0,0,1,0,26854.839,-1.494381893,-1.795928066,1,1
0,25,12,0,0,0,0,26854.839,-0.267540624,-0.23211244,1,1
0,30,12,0,0,1,0,28645.161,-1.362735084,-1.410753674,1,1
0,25,17,0,0,1,0,29003.226,-1.142341758,-0.765786073,1,1
0,39,12,0,0,0,0,31509.677,-0.727491784,-0.99052186,1,1
0,28,14,0,0,1,0,32225.806,-0.562985316,-0.280487498,1,1
0,47,12,1,0,1,0,32225.806,-0.625715248,-1.28686357,1,1
0,39,17,0,0,1,0,35448.387,-2.127670571,-2.112689263,1,1
0,49,12,0,0,1,0,35806.452,-1.889395758,-2.578331523,1,1
0,21,12,0,0,1,0,50129.032,-1.839869784,-2.173943243,0,0
0,31,14,0,0,1,0,20767.742,-2.130584574,-2.455308466,1,1
0,27,12,0,0,1,0,21483.871,-0.608866494,-0.609296946,1,1
0,37,12,0,0,1,0,22200,-0.904511077,-0.984031494,1,1
0,51,12,0,0,1,0,22379.032,-1.729475316,-2.597274456,1,1
0,29,12,0,0,1,0,26854.839,-0.407245009,-0.236411604,1,1
0,27,14,0,0,1,0,29540.323,-1.432418512,-1.506978336,1,1
0,24,13,0,0,1,0,1790.3226,-0.192115299,-0.066567332,1,1
0,32,12,0,0,1,0,24812.081,-0.257433687,-0.050299905,1,1
0,31,17,0,0,1,0,25601.613,-1.252541032,-1.075099915,1,1
0,46,12,0,0,0,0,12532.258,-0.752918376,-1.343505634,0,1
0,40,15,0,1,1,0,23274.194,-1.768460974,-2.178542317,1,1
0,27,16,0,0,1,0,7161.2903,-2.833965388,-2.700268859,1,1
0,27,17,0,0,1,0,22200,-1.994001153,-2.047010566,1,1
0,28,14,0,0,1,0,22379.032,-1.357677623,-1.355251565,1,1
0,29,17,0,0,1,0,24527.419,-2.276900217,-2.086844434,1,1
0,36,13,0,0,1,0,25064.516,-1.383268065,-1.50576311,1,1
0,23,12,0,0,1,0,26854.839,-0.48877409,-0.432945111,1,1
0,28,12,0,0,1,0,18261.29,-0.877427359,-0.957701165,1,1
0,28,12,0,0,1,0,15217.742,-1.126345528,-1.205780508,1,1
0,34,12,0,0,1,0,22200,-0.983576824,-1.061211045,1,1
0,41,12,0,0,1,0,14322.581,-0.842024801,-1.07606727,1,1
0,25,13,0,0,1,0,18261.29,-1.473736097,-1.479539788,0,1
0,45,12,0,0,1,0,21483.871,-0.290811738,-0.57851673,1,1
0,45,12,1,0,1,0,21483.871,-0.570346955,-1.155329456,1,1
0,41,12,0,0,1,0,21483.871,-1.154859373,-1.43767384,1,1
0,35,16,0,0,0,0,21841.935,-1.057352749,-0.916645287,1,1
0,35,13,1,0,1,0,23274.194,-0.546926847,-0.66738542,1,1
0,29,16,0,0,1,0,23453.226,-1.198275171,-1.016368634,1,1
0,28,13,0,0,1,0,23868.581,-0.900600406,-0.865446548,1,1
0,35,13,0,0,1,0,23990.323,-1.532288519,-1.793778342,1,1
0,35,16,0,0,1,0,24169.355,-1.486690248,-1.474184143,1,1
0,30,12,0,0,1,0,25064.516,-1.68206021,-1.762127908,1,1
0,29,12,0,0,1,0,25064.516,-0.837490735,-0.864415394,1,1
0,26,14,1,0,1,0,25717.984,-0.556876297,-0.524740607,1,1
0,28,16,0,0,1,0,26460.968,-1.6806722,-1.645538037,1,1
0,30,16,0,0,1,0,26854.839,-1.649263929,-1.638824169,1,1
0,26,17,0,0,0,0,26854.839,-2.413396735,-2.723106813,1,1
0,22,13,0,0,1,0,26854.839,-1.087330835,-0.991729366,1,1
0,22,12,0,0,1,0,26854.839,-0.396098142,-0.313266815,1,1
0,26,16,0,0,0,0,27750,-1.079150395,-0.96329786,1,1
0,43,12,1,0,1,0,29355.919,-1.266488619,-1.884892782,1,1
0,43,13,1,0,1,0,34016.129,-0.129178994,-0.436122658,1,1
0,48,16,0,0,1,0,18082.258,-2.112497042,-2.401666259,1,1
0,45,12,0,0,1,0,15217.742,-0.703266002,-0.840043175,1,1
0,27,12,1,0,1,0,22558.065,0.286326697,0.5321652,1,1
0,44,17,0,0,1,0,23274.194,-2.081627728,-2.196932851,1,1
0,26,16,0,0,1,0,25422.581,-0.420239015,-0.414472142,1,1
0,54,16,0,0,1,0,26854.839,-2.29349736,-2.652628878,1,1
0,54,16,0,0,1,0,26854.839,-1.203491743,-1.383083283,1,1
0,54,16,0,0,1,0,26854.839,-1.161482318,-1.217870464,1,1
0,29,12,0,0,1,0,27750,-1.250530165,-1.378131716,1,1
0,22,12,0,0,1,0,21594.871,0.579536948,0.895821056,1,1
0,39,17,0,0,1,0,25064.516,-1.861876291,-1.897925682,1,1
0,35,16,0,0,1,0,24527.419,-1.492939175,-1.497256874,1,1
0,44,12,0,0,1,0,27929.032,-1.068496514,-1.407743866,1,1
0,32,16,0,0,1,0,25064.516,-1.690854062,-1.686239952,1,1
0,27,17,0,0,1,0,19693.548,-1.133147583,-1.104124476,1,1
0,27,17,0,0,1,0,19693.548,-1.143270807,-1.028922092,1,1
0,26,12,0,0,1,0,23274.194,-1.948190136,-1.990876157,1,1
0,46,12,0,0,1,0,24169.355,-0.353377138,-0.797899875,1,1
0,25,16,0,0,0,0,25601.613,-2.152441403,-2.362638488,1,1
0,35,12,0,0,1,0,26854.839,-0.535029948,-0.587202068,1,1
0,33,16,0,0,1,0,26854.839,-1.206372486,-0.957581158,1,1
0,26,16,0,0,1,0,30793.548,-2.098143968,-2.15036438,1,1
0,26,12,1,0,1,0,23274.194,-0.179709687,-0.22763363,1,1
0,20,12,0,0,1,0,18798.387,-1.012926905,-1.172450369,1,1
0,49,12,0,0,1,0,17953.355,-1.213923687,-1.761269521,1,1
0,25,13,0,0,1,0,18798.387,-1.021726003,-1.003328951,1,1
0,28,12,1,0,0,0,19693.548,0.994434361,1.276214865,1,1
0,28,13,0,0,1,0,19693.548,-0.212951589,-0.11374227,1,1
0,35,12,1,0,1,0,21483.871,0.540362508,0.727504897,1,1
0,27,12,0,0,0,0,21483.871,-0.514782793,-0.609323116,1,1
0,44,12,0,0,1,0,21483.871,-1.280360922,-1.644792589,1,1
0,23,12,0,1,1,0,21483.871,-1.052008967,-1.419027573,1,1
0,32,12,1,0,1,0,22379.032,-0.856683945,-1.10763902,1,1
0,24,12,0,0,1,0,22737.097,0.115638159,0.304764557,1,1
0,27,12,0,0,1,0,23095.161,0.15429679,0.63186748,1,1
0,46,12,0,0,1,0,23274.194,-1.825154163,-2.488196302,1,1
0,31,12,0,0,1,0,23274.194,-1.324028752,-1.486258597,1,1
0,27,15,1,0,0,0,24169.355,-0.294194646,-0.22083914,1,1
0,51,16,0,0,0,0,24169.355,-1.309453975,-1.592282666,1,1
0,43,12,1,0,1,0,25064.516,-0.933134694,-1.593585019,1,1
0,32,16,1,0,1,0,25422.581,-1.047431107,-1.014920399,1,1
0,37,12,0,0,0,0,25780.645,-0.982706621,-1.277801472,1,1
0,37,12,0,0,0,0,25780.645,-0.677956474,-0.880125051,1,1
0,30,12,0,0,1,0,25959.677,-0.689573727,-0.587643942,1,1
0,45,12,1,0,1,0,26695.5,-0.564363269,-1.129597773,1,1
0,45,12,1,0,1,0,26695.5,-0.853642653,-1.455000073,1,1
0,49,17,0,0,1,0,26854.839,-1.828062416,-1.944934987,1,1
0,49,17,0,0,1,0,26854.839,-1.819023461,-1.949549172,1,1
0,26,17,0,0,1,0,26854.839,-1.763910959,-1.713255749,1,1
0,37,13,0,0,1,0,30435.484,-1.48097352,-1.636169898,1,1
0,44,17,0,0,1,0,30435.484,-0.974862455,-1.184091485,1,1
0,30,17,0,0,1,0,31330.645,-1.435540194,-1.27298289,1,1
0,51,12,0,0,1,0,32225.806,-1.325895183,-1.845657749,1,1
0,28,17,0,0,1,0,18091.21,-1.324492798,-1.210375747,1,1
0,29,16,0,0,1,0,28287.097,-1.716789593,-1.685193479,1,1
0,40,12,0,0,1,0,20409.677,-0.599189322,-0.670215671,1,1
0,34,16,0,0,1,0,0,0.081965459,0.115232747,0,1
0,51,12,0,0,1,0,20588.71,-1.141432525,-1.740349904,1,1
0,26,16,0,0,1,0,22379.032,-1.275832483,-1.122144876,1,1
0,46,12,0,0,1,0,23274.194,-2.003421323,-2.668390865,1,1
0,45,14,0,0,1,0,28645.161,-1.997175464,-2.190533659,1,1
0,49,12,0,0,1,0,28645.161,-1.722026139,-2.443210163,1,1
0,26,16,0,0,0,0,31790.758,-1.101523703,-0.999539082,1,1
0,30,16,0,0,1,0,28645.161,-0.858519468,-0.514808599,1,1
0,50,12,0,0,1,0,0,2.108809592,2.008210747,0,0
0,25,12,0,0,0,0,21483.871,0.359487421,0.649660183,1,1
0,27,17,0,0,0,0,29540.323,-1.092334722,-0.931049065,1,1
0,46,16,0,0,1,0,65160.581,-2.188468319,-2.863493577,1,1
0,46,16,0,0,1,0,65160.581,-1.89188741,-2.121793704,1,1
0,43,12,1,0,1,0,14322.581,-0.965324895,-1.395030935,1,1
0,27,12,1,0,1,0,18798.387,-0.364145742,-0.363723381,1,1
0,22,12,0,0,0,0,23274.194,0.071143103,0.212403054,1,1
0,55,12,0,0,1,0,23990.323,-1.239620452,-2.033945144,1,1
0,53,12,0,0,1,0,25064.516,-1.90903102,-2.87347429,1,1
0,44,12,0,0,1,0,25959.677,-0.830682196,-1.042115668,1,1
0,47,13,0,0,1,0,25959.677,-1.849022245,-2.31386432,1,1
0,46,14,0,0,1,0,26496.774,-1.394414773,-1.65828938,1,1
0,25,12,0,0,1,0,26836.935,0.352672013,1.31189185,1,1
0,31,15,1,0,0,0,26854.839,-1.150171608,-1.353687754,1,1
0,28,16,0,0,1,0,26854.839,-2.869005212,-3.183488508,1,1
0,40,16,0,0,1,0,26854.839,-1.842134642,-1.943788799,1,1
0,40,16,0,0,1,0,26854.839,-1.164964619,-1.163573588,1,1
0,28,12,0,0,1,0,26858.419,0.211524933,0.679134767,1,1
0,29,15,0,0,1,0,27250.5,-2.177688387,-2.184391736,1,1
0,42,16,0,0,1,0,27499.355,-1.496491295,-1.58701179,1,1
0,30,15,0,0,1,0,27570.968,-1.728793807,-1.793731192,1,1
0,39,12,0,0,1,0,27750,-1.249677975,-1.486973716,1,1
0,30,16,0,0,1,0,28197.581,-0.354303873,-0.317948437,1,1
0,50,12,0,0,1,0,30077.419,-2.184331168,-2.389967013,1,1
0,29,17,0,0,0,0,28503.726,-1.331396329,-1.19830941,1,1
0,29,15,0,0,1,0,19693.548,-1.131372188,-1.091617241,1,1
0,27,12,0,0,1,0,29540.323,-0.34722108,0.005676828,1,1
0,31,12,0,1,1,0,6982.2581,-0.248459943,-0.250190945,1,1
0,31,12,0,1,1,0,6982.2581,-0.122714149,-0.092751397,1,1
0,29,12,0,0,1,0,20588.71,-1.068439109,-1.188823347,1,1
0,27,16,0,0,1,0,22200,-1.367432936,-1.275844491,1,1
0,26,17,1,0,0,0,25243.548,-1.003932501,-1.001509475,1,1
0,42,17,0,0,1,0,31330.645,-1.580830546,-1.4246691,1,1
0,24,12,1,0,1,0,31688.71,-0.13712406,-0.093640136,1,1
0,48,12,1,0,1,0,22558.065,-0.273891077,-1.018415482,1,1
0,25,13,0,0,1,0,28197.581,-0.953758741,-0.922229388,1,1
0,21,12,1,0,1,0,16560.484,1.098533021,1.769344654,1,1
0,48,12,0,0,1,0,25064.516,-1.187355266,-1.670620284,1,1
0,50,12,0,0,1,0,26854.839,-2.085646354,-2.642474715,1,1
0,28,17,0,0,1,0,27750,-1.114541008,-0.815798443,1,1
0,29,17,0,0,0,0,29182.258,-1.931223146,-1.868189102,1,1
0,33,17,0,0,1,0,31867.742,-2.011697876,-2.132690147,1,1
0,52,12,0,0,1,0,24706.452,-1.369253699,-2.074064307,1,1
0,22,12,0,0,1,0,14322.581,0.582261022,1.128930283,1,1
0,43,12,0,0,1,0,25064.516,-2.511561465,-2.478636068,1,1
0,34,13,0,0,1,0,25064.516,0.105503786,0.468444096,1,1
0,46,12,0,0,1,0,28645.161,-0.585741221,-1.02285111,1,1
0,31,17,0,0,1,0,0,-0.20840259,-0.079412923,0,0
0,28,13,0,0,1,0,20588.71,-1.061888409,-1.070413996,1,1
0,44,12,1,0,1,0,21483.871,-0.361149675,-0.871503032,1,1
0,25,12,0,0,1,0,21483.871,-0.383747644,-0.176757448,1,1
0,29,14,0,0,1,0,22099.742,-0.875010002,-0.900218614,1,1
0,24,16,0,0,0,0,22200,-0.711429552,-0.527225785,1,1
0,31,12,0,0,1,0,22379.032,-0.912522282,-0.969194798,0,0
0,40,12,1,0,1,0,23274.194,-0.663222819,-1.022073031,1,1
0,30,17,0,0,1,0,25064.516,-1.777185349,-1.740907284,1,1
0,26,16,1,0,1,0,25064.516,-1.157274288,-1.199721961,1,1
0,32,12,0,0,1,0,25064.516,-0.383971311,-0.251609574,1,1
0,26,15,0,0,1,0,25064.516,-1.065348802,-0.961245696,1,1
0,28,16,0,0,1,0,25064.516,-2.960169641,-3.178010348,1,1
0,54,13,0,0,1,0,25422.581,-0.921037763,-1.366753221,1,1
0,30,14,0,0,1,0,25780.645,-1.236870962,-1.223353912,1,1
0,33,14,0,0,1,0,25959.677,-1.418915775,-1.461881544,1,1
0,33,12,0,0,1,0,25959.677,-1.294903163,-1.452056584,1,1
0,26,12,0,0,1,0,26496.774,-0.086503962,0.28945942,1,1
0,44,13,0,0,1,0,26774.274,-1.034703635,-1.151560274,1,1
0,49,12,0,0,1,0,26854.839,-1.634704108,-2.120290303,1,1
0,55,17,1,0,1,0,26854.839,-1.296104019,-1.609968721,1,1
0,28,12,0,0,1,0,26854.839,-1.397555438,-1.691119537,1,1
0,45,12,0,0,1,0,26854.839,-1.871000368,-2.417740043,1,1
0,30,14,1,0,1,0,26892.435,-1.150556471,-1.243153458,1,1
0,40,12,0,0,1,0,27008.806,-0.749356994,-0.841139261,1,1
0,27,17,0,0,1,0,27750,-1.209976854,-0.915736818,1,1
0,51,16,0,0,1,0,28645.161,-1.465780312,-1.594164955,1,1
0,51,16,0,0,1,0,28645.161,-1.367146682,-1.467720277,1,1
0,43,12,0,0,1,0,28645.161,-1.028591741,-1.26647917,1,1
0,37,12,0,0,1,0,28645.161,-1.417076079,-1.828334259,0,0
0,37,12,0,0,1,0,28645.161,-0.999357821,-1.050434655,0,0
0,38,14,0,0,1,0,29046.194,-1.215776599,-1.071555116,1,1
0,36,16,0,0,0,0,30256.452,-0.987385674,-1.032425581,1,1
0,27,13,1,0,1,0,30435.484,0.416386713,0.747782705,1,1
0,21,12,0,0,1,0,30435.484,-0.006380901,0.343836139,1,1
0,25,14,0,0,0,0,32225.806,-0.498795663,-0.308277125,1,1
0,33,13,0,0,1,0,41177.419,-0.848670085,-0.798145035,1,1
0,38,14,0,0,1,0,68032.258,-1.588471421,-1.679034073,1,1
0,32,16,0,0,1,0,29540.323,-1.918856084,-2.154902683,1,1
0,27,12,0,0,0,0,27212.903,-0.347050071,-0.303229737,1,1
0,24,17,0,0,0,0,27570.968,-1.641655439,-1.689985719,1,1
0,43,12,0,0,1,0,28645.161,-1.457715305,-1.917211319,1,1
0,26,17,0,0,1,0,28645.161,-1.703626204,-1.620966078,1,1
0,33,12,0,0,1,0,25422.581,-1.461611833,-1.642655423,1,1
0,34,14,0,0,1,0,26854.839,-1.573475466,-1.681232887,1,1
0,28,12,0,0,1,0,29540.323,-1.798675706,-2.342483477,1,1
0,41,12,0,0,1,0,30435.484,-1.11725909,-1.35652217,1,1
0,25,12,0,0,1,0,31062.097,-0.716496793,-0.688402555,1,1
0,28,17,0,0,1,0,31151.613,-2.159480401,-2.164204052,1,1
0,26,13,1,0,1,0,37596.774,0.035923301,0.249498686,1,1
0,28,17,0,0,1,0,25422.581,-1.227258075,-1.090215917,1,1
0,53,12,0,0,1,0,26854.839,-2.073146055,-2.897737534,0,0
0,55,12,0,0,1,0,33206.903,-1.4392053,-2.293623378,1,1
0,29,14,0,0,1,0,21125.806,-1.592602701,-1.740313031,1,1
0,39,14,0,0,1,0,28645.161,-1.903249029,-2.21977843,1,1
0,31,16,0,0,1,0,28915.5,-1.26358554,-1.110727079,1,1
0,25,16,0,0,1,0,29540.323,-1.567565631,-1.554629357,1,1
0,25,14,0,0,1,0,30435.484,-1.301833764,-1.295927205,1,1
0,29,16,0,0,1,0,32225.806,-2.514454323,-2.740518794,1,1
0,29,16,1,0,1,0,32225.806,-0.875583302,-0.809630576,1,1
0,27,14,0,0,1,0,32225.806,-1.745489179,-1.935627059,1,1
0,34,16,0,0,1,0,32583.871,-1.652330524,-1.641175913,1,1
0,45,12,0,0,1,0,28263.823,-1.034994916,-1.458654084,1,1
0,28,12,0,0,1,0,20588.71,-0.137927202,0.273142628,1,1
0,43,16,0,0,1,0,27929.032,-2.23915803,-2.520532315,1,1
0,54,12,0,0,1,0,35806.452,-2.674903592,-3.469132967,1,1
0,29,16,0,0,1,0,29540.323,-1.489731844,-1.452468256,0,0
0,55,12,0,0,1,0,26409.048,0.069983624,-0.536680024,1,1
0,55,12,0,0,1,0,26409.048,-0.261478203,-1.106889722,1,1
0,29,12,1,0,0,0,15396.774,0.647257897,0.838749851,1,1
0,50,12,1,0,1,0,17903.226,-0.696377877,-1.634349061,1,1
0,24,12,0,0,1,0,21304.839,-0.152212887,0.065640283,1,1
0,26,12,0,0,1,0,28287.097,-1.367007749,-1.571272116,1,1
0,41,13,0,0,0,0,0,1.169476769,1.023362449,1,1
0,47,17,0,0,1,0,20230.645,-1.539953799,-1.534933278,1,1
0,28,17,0,0,1,0,21483.871,-1.156776882,-1.078930947,1,1
0,42,12,0,0,1,0,22379.032,0.521071071,0.396364697,1,1
0,37,12,1,0,1,0,22379.032,-0.253353504,-0.399107736,1,1
0,37,12,1,0,1,0,22379.032,-0.748413329,-1.10950415,1,1
0,48,16,0,0,1,0,23274.194,-1.711051662,-1.864966423,0,0
0,21,12,0,0,1,0,24169.355,-1.594281672,-1.502143656,1,1
0,46,12,0,0,1,0,24214.113,-1.54062286,-1.998690987,1,1
0,29,12,0,0,1,0,25959.677,-1.115555103,-1.179602075,1,1
0,38,12,0,0,1,0,26496.774,-1.381663733,-1.698742179,1,1
0,28,12,0,0,1,0,26854.839,-0.780267553,-0.772237724,1,1
0,38,12,0,0,1,0,26854.839,-1.524549348,-1.964390959,1,1
0,53,12,0,0,1,0,26854.839,-0.359914447,-1.05509076,1,1
0,46,12,0,0,1,0,27033.871,-1.19422459,-1.59979301,1,1
0,46,12,0,0,1,0,27033.871,-1.198921973,-1.605383093,1,1
0,33,16,0,0,1,0,27750,-1.800177889,-1.830508854,1,1
0,34,12,0,0,1,0,27912.919,-1.022474105,-1.094994786,1,1
0,35,17,0,0,1,0,28645.161,-1.402050092,-1.211585972,1,1
0,53,12,0,0,1,0,28645.161,-1.668878173,-2.150439606,1,1
0,26,12,0,0,1,0,28645.161,-1.177310425,-1.280758445,1,1
0,26,16,0,0,1,0,28645.161,-1.687554965,-1.628316074,1,1
0,50,13,0,0,1,0,29540.323,-2.075754833,-2.435122796,1,1
0,46,12,1,0,1,0,30435.484,-1.062192423,-1.821438934,1,1
0,43,14,0,0,0,0,30435.484,-1.465120201,-1.814675369,1,1
0,26,14,0,0,0,0,30435.484,-0.248243621,0.023860968,1,1
0,33,17,0,0,1,0,30435.484,-1.597190075,-1.555217158,1,1
0,33,17,0,0,1,0,30435.484,-1.633530994,-1.617353655,1,1
0,42,12,0,0,1,0,30437.274,-0.831030672,-0.953679343,1,1
0,34,12,0,0,1,0,30793.548,-1.190040643,-1.310854887,1,1
0,34,12,0,0,1,0,30793.548,-0.904473411,-0.99884037,1,1
0,34,17,0,0,1,0,31330.645,-1.803737842,-1.777170785,1,1
0,37,17,0,0,1,0,31330.645,-1.681995592,-1.622808741,1,1
0,34,17,0,0,1,0,32225.806,-1.935740999,-2.059468687,1,1
0,37,12,1,0,1,0,32225.806,-1.895436615,-2.919377903,1,1
0,26,17,0,0,1,0,32225.806,-1.685409012,-1.63454641,1,1
0,36,17,0,0,1,0,34911.29,-1.18585226,-1.303433981,1,1
0,28,14,0,0,0,0,35448.387,-0.469677327,-0.127735293,1,1
0,31,12,0,0,1,0,35806.452,-0.619185765,-0.400764701,1,1
0,25,14,0,0,1,0,35806.452,-0.704132639,-0.353130469,1,1
0,31,14,0,0,1,0,35806.452,-1.365956317,-1.356446889,1,1
0,28,12,0,0,1,0,41177.419,-0.820846298,-0.791278062,1,1
0,34,12,0,0,1,0,42967.742,-1.555231357,-1.739401392,1,1
0,47,14,1,0,1,0,27750,-1.227516232,-1.736143062,1,1
0,35,12,0,0,1,0,28645.161,-0.803471842,-0.85496796,1,1
0,35,15,1,0,1,0,34098.484,-0.750288961,-0.465106829,1,1
0,35,15,1,0,1,0,34098.484,-1.245950829,-1.397400482,1,1
0,31,12,0,0,1,0,26854.839,-1.178851307,-1.268486461,1,1
0,24,12,0,0,1,0,30883.065,-0.646703948,-0.607460485,1,1
0,28,12,0,0,1,0,0,1.495438187,1.649295861,0,1
0,27,16,0,0,1,0,30793.548,-2.264932008,-2.41756811,1,1
0,47,12,0,0,1,0,33312.532,-2.406152623,-3.133563885,1,1
0,47,12,0,0,1,0,33312.532,-1.501807137,-1.955628186,1,1
0,37,14,0,1,1,0,26854.839,-1.66708694,-1.943175842,1,1
0,22,14,0,0,1,0,20588.71,-1.181573958,-1.258468095,1,1
0,47,12,0,0,1,0,23274.194,-1.230515284,-1.684277356,1,1
0,32,14,0,0,1,0,24169.355,-1.54347804,-1.621882448,1,1
0,29,15,0,0,0,0,28645.161,-0.389000556,-0.125875681,1,1
0,27,16,0,0,0,0,31330.645,-0.994268851,-0.881440905,1,1
0,37,14,0,0,1,0,44758.065,-1.418482621,-1.421575949,1,1
0,37,14,0,0,1,0,44758.065,-1.300020332,-1.299292036,1,1
0,43,12,0,0,1,0,23811.29,-1.712296012,-2.255282491,1,1
0,43,12,0,0,1,0,23811.29,-0.706829576,-0.954952401,1,1
0,34,12,0,0,1,0,24885.484,-1.116097476,-1.241766357,1,1
0,30,12,0,0,1,0,26854.839,-0.623176724,-0.493584779,1,1
0,39,16,0,0,0,0,28645.161,-1.984405454,-2.142208123,1,1
0,35,16,0,0,1,0,29540.323,-2.420337552,-2.34687611,1,1
0,28,12,0,0,1,0,32941.935,-0.533266864,-0.369076045,1,1
0,32,12,0,0,1,0,35806.452,-0.895123316,-0.921729502,1,1
0,26,12,0,0,1,0,39387.097,-1.332573131,-1.430767807,1,1
0,30,12,1,0,1,0,35448.387,-0.874508975,-0.996301385,1,1
0,27,12,0,0,1,0,25064.516,-0.256211264,0.036709737,1,1
0,27,16,0,0,1,0,26317.742,-2.162175338,-2.260734273,1,1
0,28,12,0,0,1,0,28824.194,0.187102421,0.434561227,1,1
0,39,12,0,0,1,0,32583.871,-1.626087332,-1.972102408,1,1
0,28,15,1,0,1,0,33486.194,-0.595154692,-0.538543135,1,1
0,48,12,0,0,1,0,29269.984,-1.39337267,-1.837682204,1,1
0,48,14,0,0,1,0,34732.258,-1.264483837,-1.508297805,1,1
0,37,17,0,0,1,0,30435.484,-2.055649227,-1.980480242,1,1
0,49,17,0,0,1,0,31867.742,-1.859435252,-1.988045125,1,1
0,25,15,0,0,1,0,41177.419,-1.349210152,-1.299250167,1,1
0,27,15,0,0,1,0,34016.129,-1.938815875,-1.917089576,1,1
0,51,17,0,1,1,0,0,0.406883846,-0.352175628,1,1
0,24,15,0,0,1,0,26854.839,-1.538222198,-1.525310031,1,1
0,31,17,0,0,1,0,26854.839,-1.779541167,-1.813768013,1,1
0,45,12,0,0,1,0,27391.935,-1.71831594,-2.152005905,1,1
0,45,12,0,0,1,0,27391.935,-2.531147692,-2.92696677,1,1
0,39,14,0,0,1,0,27750,-1.586880641,-1.737383154,1,1
0,39,14,0,0,1,0,27750,-0.381741433,-0.369520032,1,1
0,25,17,0,0,1,0,28249.5,-1.152766811,-1.057491947,1,1
0,53,17,0,0,1,0,28645.161,-1.780115869,-1.926622559,1,1
0,26,16,0,0,1,0,28645.161,-1.662574506,-1.580576627,1,1
0,31,12,0,0,1,0,28645.161,-0.998072967,-1.056514605,1,1
0,32,17,0,0,1,0,28645.161,-1.436719401,-1.363333349,1,1
0,48,17,0,0,1,0,29540.323,-2.416171484,-2.680222785,1,1
0,47,17,0,0,0,0,29540.323,-0.966372372,-1.163450178,1,1
0,44,16,0,0,1,0,30435.484,-1.360606342,-1.436256366,1,1
0,41,16,0,0,1,0,30435.484,-1.452986096,-1.482769141,1,1
0,44,16,0,0,1,0,30435.484,-1.498838435,-1.557053575,1,1
0,52,17,0,0,1,0,31293.048,-1.770799643,-1.896971493,1,1
0,40,12,0,0,1,0,31330.645,-0.873234892,-1.071694436,1,1
0,52,12,0,0,0,0,32225.806,-0.280598138,-1.150309106,1,1
0,53,16,0,0,1,0,32225.806,-1.830312194,-2.053186303,1,1
0,42,16,0,0,1,0,32225.806,-2.001130229,-2.065013446,1,1
0,39,14,0,0,1,0,32569.548,-1.479532056,-1.570094739,1,1
0,42,17,0,0,1,0,32762.903,-1.188720202,-0.830175153,1,1
0,31,14,0,0,1,0,34016.129,-1.97352361,-2.271908253,1,1
0,47,14,0,0,1,0,34016.129,-2.185354002,-2.540663078,1,1
0,51,16,0,0,1,0,35448.387,-1.630923797,-1.790450524,1,1
0,44,13,0,0,1,0,35806.452,-1.385993191,-1.631795196,1,1
0,35,14,0,0,1,0,36630,-1.405303297,-1.436064783,1,1
0,44,16,1,0,1,0,30621.677,-1.324963602,-1.540592094,1,1
0,46,12,0,0,1,0,25780.645,-1.295840617,-1.742460759,1,1
0,32,14,0,0,1,0,31330.645,-0.782531391,-0.533634222,1,1
0,29,16,0,0,1,0,26640,-2.444132492,-2.52952227,1,1
0,38,17,0,0,0,0,33300,-2.085408217,-2.157131449,1,1
0,26,14,0,0,1,0,29898.387,-1.255407239,-1.228670452,1,1
0,43,16,0,0,1,0,31330.645,-2.144689342,-2.875936954,1,1
0,45,16,0,0,0,0,31330.645,-1.600152516,-1.831250227,1,1
0,34,17,0,0,0,0,44758.065,-0.997196369,-0.673456725,1,1
0,49,14,0,0,1,0,14322.581,-1.415949296,-1.747051014,1,1
0,27,17,0,0,1,0,25064.516,-1.5256595,-1.412237414,1,1
0,26,16,0,0,1,0,27750,-2.167169414,-2.29565411,1,1
0,41,16,0,0,1,0,31330.645,-1.973969875,-2.177368285,0,0
0,43,14,0,0,1,0,31420.161,-1.68001386,-1.923606134,1,1
0,28,13,0,0,1,0,31688.71,-1.295812404,-1.360709264,1,1
0,28,12,1,0,1,0,32225.806,0.678039916,1.018798554,1,1
0,27,16,0,0,1,0,32225.806,-1.323512796,-1.204051901,1,1
0,32,12,0,0,1,0,32225.806,-1.574771948,-1.694388949,1,1
0,31,12,0,0,1,0,32225.806,-0.896030067,-0.94937673,1,1
0,38,17,0,0,0,0,32225.806,-1.396496072,-1.356315556,1,1
0,43,12,0,0,0,0,33479.032,-0.115282775,-0.5218977,1,1
0,34,17,0,0,1,0,34016.129,-0.936806504,-0.925538613,1,1
0,22,14,0,0,1,0,41177.419,-1.680916507,-1.633168867,1,1
0,50,14,0,0,1,0,27889.645,-1.959049669,-2.304747604,1,1
0,44,14,0,0,1,0,29540.323,-2.076353657,-2.302564647,1,1
0,53,12,0,0,1,0,31509.677,-1.245814154,-1.843098369,1,1
0,47,12,0,0,1,0,27750,-0.994259079,-1.295218072,1,1
0,47,12,0,0,1,0,27750,-0.776706572,-0.992581985,1,1
0,41,16,1,0,1,0,23274.194,-1.427306784,-1.658836557,1,1
0,41,16,1,0,1,0,23274.194,-1.576533307,-1.817521151,1,1
0,41,16,1,0,1,0,23274.194,-1.28798447,-1.52901938,1,1
0,48,16,0,0,1,0,26058.145,-1.955079939,-2.228603873,1,1
0,48,16,0,0,1,0,26058.145,-1.094730208,-0.494876714,1,1
0,36,13,0,0,1,0,28645.161,-1.928745286,-2.142732711,1,1
0,49,12,0,0,1,0,28645.161,-1.080798454,-1.54957248,1,1
0,33,17,1,0,1,0,29540.323,-0.202599833,-0.295668865,1,1
0,49,14,0,0,1,0,30435.484,-1.504403884,-1.789018918,1,1
0,36,12,0,0,1,0,30435.484,-1.250155383,-1.416154339,1,1
0,50,17,0,0,1,0,30435.484,-1.931327577,-2.137804778,1,1
0,36,12,0,0,1,0,30435.484,-1.24553022,-1.437181258,1,1
0,27,16,0,0,1,0,30435.484,-0.838875131,-0.907699525,0,0
0,52,16,0,0,1,0,30793.548,-2.785788641,-3.145492634,1,1
0,38,12,0,0,1,0,31330.645,-0.598246973,-0.523529996,1,1
0,25,14,0,0,1,0,31330.645,-1.839732046,-2.104525932,1,1
0,33,17,0,0,1,0,31867.742,-1.849756589,-1.847234108,1,1
0,30,12,0,0,1,0,32046.774,-1.259804418,-1.383489942,1,1
0,53,12,0,0,1,0,32225.806,-0.793343146,-1.380901878,1,1
0,34,12,0,0,1,0,32583.871,-1.788914934,-2.261305584,1,1
0,36,12,0,0,1,0,33120.968,-0.958399481,-1.034824443,1,1
0,42,13,0,0,1,0,33120.968,-0.564913636,-0.370605318,1,1
0,34,12,0,0,1,0,34016.129,-1.856953299,-2.187590632,1,1
0,29,17,0,0,1,0,34016.129,-1.571260256,-1.540826328,1,1
0,52,12,0,0,1,0,34171.887,-1.428787178,-2.121529734,1,1
0,42,14,0,0,1,0,37596.774,-1.388869769,-1.440216561,1,1
0,53,15,0,0,1,0,37596.774,-1.604136071,-1.863770374,1,1
0,32,13,1,0,1,0,37596.774,-1.005024646,-1.224502999,1,1
0,39,12,0,0,1,0,39387.097,-1.014691023,-1.2125479,1,1
0,28,16,0,0,1,0,39387.097,-0.880609364,-0.515628543,1,1
0,28,12,1,0,1,0,26854.839,-0.22891873,-0.196016703,1,1
0,26,14,0,0,1,0,36032.032,-0.881092013,-0.722091153,1,1
0,25,14,1,0,1,0,17724.194,-1.280247684,-1.445244461,1,1
0,52,12,0,0,1,0,47622.581,-1.793270316,-2.223733825,1,1
0,35,16,0,0,1,0,26854.839,-1.426554764,-1.390701629,1,1
0,44,12,0,0,1,0,32046.774,-0.4326139,-0.50266619,1,1
0,33,15,0,0,1,0,34016.129,-1.413082592,-1.356808717,1,1
0,29,12,0,1,1,0,26541.532,-0.673014939,-0.740897591,1,1
0,53,16,0,0,1,0,28645.161,-1.691364401,-1.893591496,1,1
0,26,16,0,0,1,0,32225.806,-2.099751536,-2.097233505,1,1
0,37,17,0,0,1,0,35806.452,-1.537852322,-1.424982562,1,1
0,45,12,0,0,1,0,35806.452,-0.7616885,-1.153285683,1,1
0,27,17,0,0,1,0,37596.774,-1.881973643,-1.801416375,1,1
0,38,12,1,0,1,0,23632.258,-0.762934463,-1.087276343,1,1
0,34,13,0,0,1,0,31509.677,-1.177777072,-1.196391899,1,1
0,34,12,0,0,1,0,30435.484,-1.344900361,-1.566433427,1,1
0,32,14,0,0,1,0,35788.548,-1.456297311,-1.493477842,1,1
0,32,12,0,0,0,0,32225.806,0.33871029,0.940332801,1,1
0,29,14,0,0,1,0,16112.903,-1.344539833,-1.354470308,1,1
0,38,12,1,0,1,0,25064.516,-0.715392517,-1.042539261,1,1
0,25,14,1,0,1,0,25601.613,-0.758597729,-0.857119704,1,1
0,35,12,0,0,1,0,26854.839,-0.697801476,-0.777764272,1,1
0,35,12,0,0,1,0,26854.839,-1.220184652,-1.401723834,1,1
0,31,17,0,0,1,0,31806.871,-2.032724351,-1.975197629,1,1
0,49,12,0,0,1,0,32225.806,-0.307065556,-1.069880098,1,1
0,55,12,0,0,1,0,32225.806,-0.095953449,-0.784148367,1,1
0,32,12,0,0,1,0,32225.806,-1.340099294,-1.507789269,1,1
0,46,14,0,0,1,0,33120.968,-2.470277711,-2.753533218,1,1
0,28,15,0,0,1,0,34016.129,-0.85315792,-0.924342374,1,1
0,34,16,0,0,1,0,34016.129,-2.02214258,-2.137453135,1,1
0,35,16,0,0,1,0,34016.129,-1.259547599,-1.237292374,1,1
0,34,12,0,0,1,0,35806.452,-2.375302237,-2.692672307,1,1
0,40,16,0,0,1,0,35806.452,-1.231459337,-1.387174419,1,1
0,40,16,0,0,1,0,35806.452,-2.384571492,-2.593752625,1,1
0,29,14,0,0,1,0,37596.774,-1.059002832,-0.848072028,1,1
0,45,12,0,0,1,0,38366.613,-1.244832073,-1.6008228,1,1
0,34,16,0,0,1,0,39387.097,-1.977190718,-2.026979475,1,1
0,47,12,0,0,1,0,40103.226,-1.455892346,-1.927235635,1,1
0,31,16,0,0,1,0,41177.419,-1.341003547,-1.211464638,1,1
0,53,12,1,0,1,0,42967.742,-0.424573248,-1.395432522,1,1
0,51,12,0,0,1,0,44758.065,-0.798513175,-1.452579453,0,1
0,40,16,0,0,1,0,44758.065,-0.958280458,-0.688214803,1,1
0,27,12,0,0,1,0,53888.71,-1.846564668,-2.241210026,1,1
0,33,16,0,1,1,0,85935.484,-0.653771554,-0.839218573,1,1
0,41,16,0,0,1,0,34016.129,-1.674950798,-1.723048407,1,1
0,41,16,0,0,1,0,34016.129,-2.109538404,-2.394837746,1,1
0,33,12,0,0,1,0,34016.129,-1.723657047,-1.859789967,1,1
0,53,13,0,0,1,0,35806.452,-1.412183871,-1.888969096,1,1
0,45,12,0,0,1,0,31509.677,-0.805637795,-1.04161997,1,1
0,50,17,0,0,1,0,37596.774,-1.847025891,-1.982234657,1,1
0,37,14,0,0,1,0,29361.29,-0.972694585,-0.774480452,1,1
0,27,16,0,0,1,0,0,-1.241184932,-1.134289202,0,0
0,27,16,0,0,1,0,28192.21,-1.536729085,-1.487966884,1,1
0,48,12,0,0,1,0,31330.645,-1.924347635,-2.464860464,1,1
0,47,12,0,0,1,0,31796.129,-0.9884612,-1.42733798,1,1
0,47,17,0,0,1,0,34016.129,-1.402436535,-1.320091607,1,1
0,33,15,0,0,1,0,34213.065,-1.707043519,-1.849703175,1,1
0,32,17,0,0,1,0,34016.129,-2.790257174,-3.309902252,1,1
0,34,14,0,0,1,0,0,0.489673642,0.546244442,0,0
0,43,17,0,0,1,0,16650,-1.613945378,-1.575982009,1,1
0,31,14,0,0,1,0,17903.226,-1.07280372,-1.1161181,1,1
0,26,12,0,0,1,0,25959.677,0.111922643,0.362660245,1,1
0,29,14,0,0,0,0,27284.516,-1.583923011,-1.678344247,1,1
0,44,17,0,0,1,0,32075.419,-1.523755914,-1.511665357,1,1
0,36,17,0,1,1,0,33300,-1.114001582,-1.106848356,1,1
0,26,17,0,0,1,0,34016.129,-2.481697035,-2.529752442,1,1
0,28,16,0,0,1,0,34016.129,-1.380651533,-1.381641026,1,1
0,35,17,0,0,1,0,35806.452,-2.008490577,-1.999565449,1,1
0,52,12,0,0,1,0,35831.516,-1.185067552,-1.760220682,1,1
0,36,13,0,0,0,0,36150.194,-0.789800158,-0.855425867,1,1
0,28,17,0,0,1,0,37507.258,-1.882556536,-1.931812239,1,1
0,44,17,0,0,1,0,37596.774,-2.134968473,-2.281751811,1,1
0,37,13,0,0,1,0,37596.774,-1.357727929,-1.479359737,1,1
0,51,12,0,0,1,0,38939.516,-1.700172161,-2.347088684,1,1
0,50,12,0,0,1,0,39029.032,-1.818102776,-2.380563157,1,1
0,29,12,0,0,1,0,39924.194,-0.648713726,-0.58368803,1,1
0,32,17,0,0,1,0,46548.387,-2.32207732,-2.392908535,1,1
0,38,14,0,0,1,0,50129.032,-1.357159167,-1.218191121,1,1
0,47,17,0,0,1,0,28906.548,-1.595776288,-1.711556042,1,1
0,47,17,0,0,1,0,28906.548,-2.498088443,-3.031193352,1,1
0,31,17,0,0,1,0,36705.194,-2.079778986,-2.04474835,1,1
0,50,16,0,0,1,0,34911.29,-1.088640787,-1.263555002,1,1
0,39,12,0,0,1,0,39387.097,-1.698377858,-2.175649254,1,1
0,27,13,0,0,1,0,34016.129,-1.318647684,-1.356215038,1,1
0,46,16,0,0,1,0,37596.774,-1.558826723,-1.638923261,1,1
0,46,16,0,0,1,0,37596.774,-1.437441962,-1.504796254,1,1
0,33,16,0,0,1,0,41177.419,-1.78482337,-1.783478742,1,1
0,25,16,0,0,0,0,0,0.232037285,0.443339837,1,1
0,36,12,0,0,1,0,15217.742,-0.127382027,-0.140799396,1,1
0,39,12,0,0,1,0,24169.355,-0.255142447,-0.290004243,1,1
0,35,17,0,0,1,0,30435.484,-1.357611823,-1.308766754,1,1
0,35,17,0,0,1,0,30435.484,-1.719027976,-1.704702599,1,1
0,46,17,0,0,1,0,31330.645,-2.144183705,-2.26734894,1,1
0,31,17,0,0,1,0,33120.968,-2.124119348,-2.09285949,1,1
0,52,15,0,0,1,0,35806.452,-1.384404147,-1.516737859,1,1
0,50,16,0,0,0,0,35806.452,-1.324174889,-1.510058705,1,1
0,49,12,0,0,1,0,35806.452,-0.563628576,-0.79163849,1,1
0,53,16,0,0,1,0,35806.452,-1.438009416,-1.501372078,1,1
0,44,14,0,0,1,0,35806.452,-2.10554595,-2.267127766,1,1
0,46,16,0,0,1,0,35806.452,-1.215477229,-1.193661275,1,1
0,42,14,0,0,1,0,36701.613,-1.965334062,-2.220164367,1,1
0,43,12,0,0,1,0,36701.613,-1.454397384,-1.830599182,1,1
0,28,12,1,0,1,0,36776.806,-0.045335037,0.073449948,1,1
0,54,15,0,0,1,0,37471.452,-0.803038753,-1.01836256,1,1
0,42,16,0,0,1,0,37596.774,-0.590588651,-0.489219049,1,1
0,34,16,0,0,1,0,37596.774,-1.418145371,-1.466684323,1,1
0,29,13,1,0,1,0,37596.774,-0.666135987,-0.695785023,1,1
0,47,16,0,0,1,0,39387.097,-1.532234635,-1.569182078,1,1
0,33,16,0,0,1,0,39387.097,-1.411599749,-1.203195003,1,1
0,40,17,0,1,1,0,41177.419,-1.869028039,-1.925847226,1,1
0,40,17,0,1,1,0,41177.419,-0.621120276,-0.746271259,1,1
0,45,14,0,0,1,0,42538.065,-1.434555445,-1.639263519,1,1
0,31,16,0,0,1,0,42967.742,-1.454715992,-1.407339287,1,1
0,32,12,0,0,1,0,42967.742,-0.782350381,-0.668547411,1,1
0,27,17,0,0,1,0,44758.065,-1.453366451,-1.379470605,1,1
0,44,17,0,0,1,0,44758.065,-1.37514393,-1.335157171,1,1
0,38,17,0,0,1,0,48338.71,-2.030823275,-2.214986581,1,1
0,27,17,0,0,0,0,41177.419,-1.797804281,-1.662062344,1,1
0,38,12,1,0,1,0,10741.935,-1.051444569,-1.509026305,1,1
0,39,17,0,0,1,0,0,-0.260776722,-0.498553914,0,0
0,46,14,0,0,1,0,30256.452,-1.18418359,-1.278336188,1,1
0,25,17,0,0,1,0,35806.452,-1.416169555,-1.334280619,1,1
0,52,12,0,0,1,0,37596.774,-0.251925822,-0.670341957,1,1
0,35,15,0,0,1,0,39387.097,-1.607320626,-1.638529805,1,1
0,53,12,0,0,1,0,42967.742,-0.749845029,-1.335951138,1,1
0,33,16,0,0,1,0,42967.742,-2.27959441,-2.097677903,1,1
0,30,16,0,0,1,0,42967.742,-1.786424741,-1.831132116,1,1
0,51,16,0,0,1,0,44758.065,-1.366683347,-1.60493768,1,1
0,36,12,1,0,1,0,37596.774,-0.042788465,-0.085266813,1,1
0,33,13,0,0,1,0,47264.516,-1.498135596,-1.565720903,1,1
0,50,17,0,0,1,0,0,-0.735570469,-1.405478348,1,1
0,47,16,0,0,1,0,41177.419,-2.375056819,-2.770790741,1,1
0,36,14,0,0,1,0,42072.581,-1.641584907,-1.792150697,1,1
0,48,12,0,0,1,0,42967.742,-0.761690694,-1.112113044,1,1
0,48,12,0,0,1,0,42967.742,-0.93186431,-1.339520731,1,1
0,48,17,0,0,1,0,41177.419,-1.575320634,-1.673496298,1,1
0,37,17,0,0,1,0,43862.903,-1.761967179,-1.761218533,1,1
0,50,17,0,0,1,0,44758.065,-1.799744062,-1.902646894,1,1
0,34,16,0,0,1,0,21304.839,-1.997691577,-2.105489147,1,1
0,30,12,1,0,1,0,21483.871,0.322782674,0.529244702,1,1
0,28,16,0,0,1,0,32225.806,-1.400684713,-1.353357052,1,1
0,37,12,0,0,0,0,32225.806,-0.42788866,-0.553726968,1,1
0,46,12,0,0,1,0,35806.452,-1.560283743,-1.902652304,1,1
0,32,12,0,1,1,0,37596.774,-1.874428162,-2.54993603,1,1
0,29,12,0,0,0,0,37596.774,0.226758607,0.57228916,1,1
0,40,16,0,0,1,0,39387.097,-1.88587831,-2.075319782,1,1
0,44,15,0,0,1,0,39387.097,-2.064940906,-2.251915132,1,1
0,38,12,0,0,1,0,41177.419,-0.949921694,-0.970281925,1,1
0,51,12,0,0,1,0,41356.452,-1.392669494,-1.965105409,1,1
0,33,17,0,0,1,0,43236.29,-1.29937018,-1.272367252,1,1
0,31,16,0,0,0,0,44364.194,-1.037470557,-0.921773252,1,1
0,43,17,0,0,1,0,44758.065,-1.506326728,-1.569280307,1,1
0,45,16,0,0,1,0,48338.71,-2.193560847,-2.360950775,1,1
0,33,17,0,0,1,0,42967.742,-1.080276085,-0.945630188,1,1
0,25,12,0,0,1,0,30435.484,-0.557831321,-0.511560459,1,1
0,51,12,0,0,1,0,41177.419,-1.357981843,-1.907334665,1,1
0,41,17,0,0,1,0,43862.903,-1.740919977,-1.777938614,1,1
0,42,12,0,0,1,0,47232.29,-1.914682518,-2.623027792,1,1
0,37,13,0,0,1,0,35806.452,-1.203467345,-1.239364249,1,1
0,29,17,0,0,1,0,35806.452,-2.166844672,-2.14734026,0,0
0,37,15,0,1,1,0,39387.097,-2.070514378,-2.4991383,1,1
0,46,16,0,0,1,0,46011.29,-2.1757829,-2.661179677,1,1
0,40,12,0,0,1,0,48338.71,-0.709955622,-0.856817417,1,1
0,46,17,0,0,1,0,57290.323,-2.137566312,-2.161453242,1,1
0,47,12,0,0,1,0,62661.29,-0.469271141,-0.833209352,0,1
0,34,13,0,0,1,0,42072.581,-1.510057516,-1.698798861,1,1
0,52,17,0,0,1,0,59080.645,-2.523023625,-2.868543524,1,1
0,52,17,0,0,1,0,59080.645,-2.276026862,-2.471312365,1,1
0,50,12,0,0,1,0,44758.065,-0.459815072,-0.993300391,1,1
0,49,17,0,0,1,0,46548.387,-1.875859672,-1.976733328,1,1
0,49,17,0,0,1,0,48338.71,-2.038347077,-2.165052635,1,1
0,49,17,0,0,1,0,48338.71,-1.741358247,-1.81466567,1,1
0,53,12,0,0,1,0,47894.71,-0.86354663,-1.422010306,1,1
0,33,13,0,0,1,0,32225.806,-0.907547396,-0.76716442,0,0
0,54,15,0,0,1,0,35806.452,-1.068317447,-1.005070386,1,1
0,54,15,0,0,1,0,35806.452,-1.723949083,-2.09311787,1,1
0,44,17,0,0,1,0,42967.742,-2.314774599,-2.67751197,1,1
0,37,17,0,0,1,0,44758.065,-1.955282664,-1.965399927,1,1
0,55,16,0,0,1,0,46548.387,-1.572902306,-1.749289624,1,1
0,55,16,0,0,1,0,46548.387,-2.193439649,-2.420370764,1,1
0,37,17,0,0,1,0,46548.387,-2.283867946,-2.38353938,1,1
0,44,14,0,0,1,0,48338.71,-1.432338721,-1.56631243,1,1
0,41,13,0,0,1,0,48338.71,-1.4651549,-1.655495874,1,1
0,39,17,0,0,1,0,48338.71,-1.784887871,-1.801316027,1,1
0,48,16,0,0,1,0,50129.032,-2.062556297,-2.275076331,1,1
0,39,17,0,0,1,0,50129.032,-1.896950945,-1.935819075,1,1
0,45,12,0,0,1,0,50487.097,-1.644530551,-1.995724406,1,1
0,26,16,0,0,1,0,53709.677,-1.186262058,-1.072344622,1,1
0,34,16,0,0,1,0,62661.29,-1.328718378,-1.131467283,1,1
0,47,16,0,0,1,0,62741.855,-2.370958669,-2.911614888,1,1
0,55,16,0,0,1,0,71612.903,-2.07393739,-2.373005698,1,1
0,37,16,0,0,1,0,41177.419,-2.285997001,-2.335529702,1,1
0,43,17,0,0,1,0,48338.71,-2.101550858,-2.24502944,1,1
0,43,16,0,0,1,0,50129.032,-1.77063727,-1.878206571,1,1
0,33,17,0,0,1,0,39387.097,-2.17918554,-2.434193786,1,1
0,29,17,1,0,1,0,41177.419,-1.816173409,-1.939777193,1,1
0,36,14,0,0,1,0,42967.742,-1.927030238,-2.252697619,1,1
0,37,17,0,0,1,0,44758.065,-1.701056704,-1.672913739,1,1
0,44,12,0,0,1,0,44758.065,-1.237243633,-1.558891969,1,1
0,42,17,0,0,0,0,50129.032,-1.918697433,-2.196758133,1,1
0,47,16,0,0,1,0,53709.677,-1.696555939,-1.760720501,1,1
0,38,13,0,0,1,0,73403.226,-1.686396545,-1.933519862,1,1
0,28,16,0,0,1,0,48875.806,-1.702015824,-1.70649886,1,1
0,44,17,0,0,1,0,56753.226,-1.017709975,-1.002344581,1,1
0,32,16,0,0,1,0,48338.71,-1.184174584,-0.813955726,0,0
0,47,17,0,0,1,0,49233.871,-2.117763819,-2.617992726,1,1
0,28,16,0,0,1,0,59080.645,-1.21832853,-1.205529917,1,1
0,45,15,0,0,1,0,51919.355,-1.343660111,-1.299837532,1,1
0,52,16,0,0,1,0,53709.677,-2.095781781,-2.433992705,1,1
0,32,12,0,0,1,0,39387.097,-0.723267169,-0.60704676,1,1
0,33,17,0,0,1,0,46548.387,-1.130701607,-0.909949768,1,1
0,41,17,0,0,1,0,52993.548,-2.377539872,-2.421920373,1,1
0,42,16,0,0,1,0,53709.677,-2.162692829,-2.2368596,1,1
0,48,16,0,0,1,0,53709.677,-1.363980675,-1.357939079,1,1
0,48,16,0,0,1,0,53709.677,-1.648692934,-1.702713635,1,1
0,46,12,0,0,1,0,48338.71,-1.009125658,-1.427577414,1,1
0,48,14,0,0,1,0,57290.323,-1.412741552,-1.593169251,1,1
0,47,14,0,0,1,0,26854.839,-1.289306709,-1.607463771,1,1
0,36,17,0,0,1,0,46548.387,-2.455431423,-2.545777382,1,1
0,38,16,0,0,1,0,50129.032,-1.410332284,-1.161653302,1,1
0,48,17,1,0,1,0,51842.371,-1.014292736,-1.174625559,1,1
0,44,17,0,0,1,0,53709.677,-1.92880668,-1.986680016,1,1
0,38,16,0,0,1,0,53709.677,-1.758556585,-1.790010894,1,1
0,39,14,0,0,1,0,57290.323,-2.148725779,-2.529981855,1,1
0,41,17,0,0,1,0,59438.71,-1.598126457,-1.525467179,1,1
0,47,16,0,0,1,0,60870.968,-1.578803152,-1.541766356,1,1
0,47,16,0,0,1,0,60870.968,-1.779933927,-1.895373627,1,1
0,46,16,0,0,1,0,57290.323,-1.210983723,-1.418647435,1,1
0,30,13,0,0,1,0,75193.548,-1.488022925,-1.5685745,1,1
0,52,17,0,0,1,0,60870.968,-1.644974373,-1.682865102,1,1
0,40,16,0,0,1,0,57290.323,-2.214061968,-2.280228965,1,1
0,51,12,0,0,0,0,62661.29,-0.784953915,-1.528425547,1,1
0,47,17,0,0,1,0,38670.968,-1.890057134,-1.976109352,0,0
0,53,16,0,0,1,0,39387.097,-1.629826506,-1.786185178,1,1
0,48,16,0,0,1,0,59080.645,-1.835104548,-2.08395109,1,1
0,28,15,0,0,1,0,62661.29,-1.58218924,-1.5596047,1,1
0,42,17,0,0,1,0,64451.613,-1.497958243,-1.421778756,1,1
0,47,16,0,0,1,0,71612.903,-1.986353354,-2.15682543,1,1
0,50,14,0,0,1,0,29540.323,-2.283376891,-2.704094343,1,1
0,49,12,0,0,1,0,71433.871,-0.376369649,-0.862957703,0,0
0,48,15,0,0,1,0,71612.903,-1.03294844,-1.070688607,1,1
0,51,17,0,0,1,0,0,-1.688372821,-2.414027245,0,0
0,32,17,0,0,1,0,64451.613,-1.457756354,-1.398954193,1,1
0,47,16,0,0,1,0,78774.194,-2.022428582,-2.19104295,1,1
0,37,17,0,0,1,0,85040.323,-1.689768998,-1.683954491,1,1
0,55,17,0,0,1,0,98467.742,-1.669448312,-1.787456318,1,1
0,49,16,0,0,1,0,98467.742,-1.879476872,-2.038671127,1,1
0,50,16,0,0,1,0,34016.129,-1.981198289,-2.299940536,1,1
0,28,16,0,0,1,0,89516.129,-1.901424811,-2.005599793,1,1
0,42,16,0,0,1,0,93096.774,-2.082979271,-2.182165779,1,1
0,45,12,0,0,1,0,156653.23,-1.857272098,-2.19199973,1,1
0,54,3,1,0,0,1,0,1.9582006,1.887998407,1,1
0,54,3,1,0,1,1,0,1.556409766,1.563790413,0,0
0,54,3,1,0,1,1,0,2.386972708,2.225511364,0,0
0,54,3,1,0,1,1,0,2.865409254,2.328044559,0,0
0,53,4,1,0,0,1,0,1.685334074,1.765454866,0,0
0,51,4,1,0,1,1,0,2.085198145,1.956238521,0,0
0,51,5,1,0,0,1,0,2.253253821,2.054809833,0,0
0,46,6,1,0,1,1,0,2.209536563,2.048745176,0,0
0,53,6,0,0,1,1,0,1.911918221,1.529555381,0,0
0,41,6,1,0,1,1,0,2.340623039,2.194651912,0,0
0,45,7,1,0,1,1,0,2.165709975,2.09299002,1,1
0,53,7,0,1,0,1,0,1.346040304,0.980865358,0,0
0,47,8,0,0,0,1,0,2.26373895,2.067818874,0,0
0,55,8,1,0,1,1,0,2.289577085,2.054061455,0,0
0,55,8,0,0,1,1,0,1.408350692,0.73579984,0,0
0,53,8,1,0,1,1,0,1.942693627,1.670344334,0,1
0,41,8,0,0,1,1,0,1.965075273,2.046657142,0,0
0,45,8,0,0,1,1,0,1.661452103,1.398319886,0,0
0,45,9,1,0,1,1,0,2.438413379,2.201620486,0,0
0,46,9,0,1,1,1,0,2.625742353,2.47334683,0,0
0,48,9,0,0,1,1,0,1.343343578,0.753740295,0,0
0,46,9,0,1,1,1,0,1.331432001,0.899599459,0,0
0,45,9,1,0,1,1,0,2.032581736,1.849209298,0,0
0,54,9,0,0,1,1,0,2.108202324,1.659346013,0,0
0,23,9,1,0,0,1,0,1.905620405,1.842318429,1,1
0,40,10,0,1,1,1,0,2.361360171,2.531468074,0,0
0,54,10,1,0,1,1,0,1.206062863,0.409390464,0,1
0,54,10,1,0,1,1,0,2.210981745,1.804998989,0,0
0,25,11,1,0,0,1,0,1.664725224,1.538301457,1,1
0,41,11,0,0,1,1,0,2.224189129,2.651000204,1,1
0,23,11,1,0,0,1,0,2.609503191,3.207916597,0,0
0,23,11,1,0,0,1,0,1.690209599,1.49062952,0,0
0,52,8,0,0,1,1,0,1.527963392,0.956913557,0,0
0,45,9,0,0,1,1,0,2.136457616,2.010584319,0,0
0,40,8,0,0,1,1,0,1.648632806,1.412121727,0,0
0,37,10,0,0,1,1,0,1.621098218,1.523678943,0,0
0,48,11,0,0,1,1,0,1.561886732,1.043208427,1,1
0,36,9,0,0,1,1,0,0.929364948,0.487304207,0,0
0,40,7,0,0,1,1,0,1.81002929,1.696911357,1,1
0,40,7,0,0,1,1,0,1.613543544,1.285960341,1,1
0,38,11,0,0,1,1,0,1.290063539,1.049278547,0,0
0,53,7,0,0,1,1,0,2.468141076,2.179491881,0,0
0,52,10,1,0,1,1,0,1.129551043,0.616530693,0,0
0,52,7,0,0,1,1,0,2.240070883,1.942417507,0,0
0,43,9,1,0,1,1,0,1.75667989,1.620266467,0,0
0,54,4,1,0,1,1,0,1.819835438,1.743000005,0,0
0,46,6,0,0,1,1,0,2.17347912,2.070554525,0,0
0,40,8,0,0,1,1,0,1.866050588,1.825709685,0,0
0,53,8,0,0,1,1,0,2.053480546,1.680622697,0,0
0,50,11,0,0,1,1,0,2.226659389,1.68678245,1,1
0,33,11,0,0,1,1,0,1.457124069,1.340085623,0,0
0,33,11,0,0,1,1,0,1.331866092,1.193575847,0,0
0,52,8,0,0,1,1,0,1.265312815,0.493427737,0,0
0,49,4,1,0,1,1,0,1.580210281,1.475070917,0,0
0,50,8,0,0,1,1,0,3.517212677,3.324045861,0,0
0,41,8,0,0,1,1,0,2.131781505,2.341894696,1,1
0,53,9,0,0,1,1,0,1.143893985,-0.040312359,0,0
0,48,11,0,0,0,1,0,0.905524803,0.51521819,0,0
0,31,9,0,0,1,1,0,2.022863692,1.99895033,0,1
0,42,8,0,0,1,1,0,1.96551435,1.831251653,0,0
0,54,10,0,0,1,1,0,1.98441004,1.318408233,0,0
0,50,10,0,0,1,1,0,1.490100922,0.880484206,0,0
0,48,6,0,1,1,1,0,1.856702732,1.673447948,0,0
0,22,9,0,0,1,1,0,2.00054517,2.063410142,1,1
0,41,8,0,0,1,1,0,1.787652635,1.665383657,0,1
0,41,8,0,0,1,1,0,1.103071359,0.62480021,0,0
0,45,9,0,0,1,1,313.30645,0.875260635,0.356835106,1,1
0,21,8,1,0,0,1,895.16129,1.494829897,1.437008435,1,1
0,46,8,0,0,1,1,8951.6129,0.653855659,0.14196396,0,0
0,46,8,0,0,1,1,8951.6129,2.327954783,2.687059426,0,1
0,21,11,1,0,0,1,9846.7742,1.823136582,1.944649005,1,1
0,53,8,0,0,1,1,14322.581,0.447301886,-0.835901371,0,0
0,53,6,0,0,1,1,17187.097,1.746264567,0.989798497,1,1
0,34,11,0,0,1,1,19693.548,0.089162602,0.055760846,1,1
0,49,9,0,0,1,1,21483.871,0.464395854,-0.305812074,1,1
0,28,11,0,0,1,1,62661.29,0.237854568,0.497647546,1,1
0,43,3,1,0,1,1,0,2.957599346,2.855118547,0,1
0,52,6,1,0,1,1,1246.0645,1.197112872,0.651509387,1,1
0,54,8,0,0,1,1,537.09677,1.532434324,0.682859034,1,1
0,52,7,1,0,0,1,5012.9032,1.109566952,0.817130914,0,0
0,29,11,1,0,1,1,0,2.038132706,2.143654804,1,1
0,37,9,0,0,0,1,3544.8387,0.503646733,0.306673159,1,1
0,38,2,0,0,0,1,6266.129,1.538080441,1.483343141,1,1
0,20,10,0,0,0,1,3523.3548,1.382241361,1.560451476,1,1
0,31,6,1,0,0,1,555,2.194204468,2.52026419,1,1
0,23,10,1,0,0,1,5370.9677,2.048165909,2.262249064,0,1
0,19,11,1,0,0,1,0,1.278574012,1.135468858,0,0
0,20,11,0,0,1,1,3222.5806,1.147191688,1.474142238,1,1
0,35,9,1,0,0,1,5370.9677,1.11230836,1.178960903,1,1
0,21,10,1,0,0,1,8145.9677,1.162176549,1.353475215,1,1
0,41,8,1,0,1,1,8378.7097,1.143202585,1.036147018,1,1
0,41,8,1,0,1,1,8378.7097,1.089496469,1.041421194,1,1
0,42,8,0,0,1,1,0,2.668395758,2.847124664,1,1
0,42,8,0,0,1,1,0,1.92276633,1.878131434,1,1
0,20,8,1,0,0,1,3652.2581,1.541896038,1.229066859,1,1
0,30,9,1,0,0,1,162.91935,1.648343526,1.575813181,1,1
0,29,10,1,0,0,1,2685.4839,2.000678276,2.357657356,0,0
0,22,11,1,0,0,1,0,2.718159913,3.232209963,1,1
0,25,10,1,0,0,1,5370.9677,1.071220386,0.785624534,1,1
0,20,8,1,0,0,1,1838.6613,1.091901897,0.95583494,1,1
0,55,7,0,0,0,1,8342.9032,2.505092482,2.157993622,0,0
0,20,10,0,0,0,1,8951.6129,1.61155055,1.898432788,1,1
0,40,4,1,0,0,1,1933.5484,1.400295555,1.488027052,1,1
0,52,0,0,0,1,1,0,2.319440226,2.005760632,1,1
0,22,9,1,0,0,1,4345.1129,0.989998619,1.036786978,1,1
0,24,10,1,0,0,1,3902.9032,1.692262681,1.82167354,1,1
0,19,11,0,0,0,1,12532.258,1.552346576,1.810924267,1,1
0,51,7,0,0,1,1,8951.6129,1.409041014,0.979663442,0,0
0,19,6,1,0,0,1,0,1.567990732,1.48251985,0,0
0,50,10,1,0,1,1,0,1.884401664,1.574582893,0,0
0,23,11,0,1,0,1,2685.4839,0.995184262,1.071401672,1,1
0,38,3,1,0,1,1,5729.0323,1.957108332,1.963427876,1,1
0,38,3,1,0,1,1,5729.0323,1.346516466,1.376118373,1,1
0,20,11,0,0,0,1,9846.7742,1.106736782,1.306919726,1,1
0,43,10,1,0,1,1,2148.3871,0.660511024,0.202297671,0,1
0,30,6,1,0,1,1,3401.6129,2.095280177,2.240459697,1,1
0,35,10,1,0,1,1,3795.4839,1.471624615,1.717414679,1,1
0,35,10,1,0,1,1,3795.4839,1.000812736,1.035328846,1,1
0,35,10,1,0,1,1,3795.4839,1.118339386,1.229417258,1,1
0,40,10,0,0,1,1,4833.871,-0.706996063,-1.491102079,1,1
0,44,11,1,0,1,1,5370.9677,0.563673775,0.050460499,1,1
0,23,10,1,0,0,1,7161.2903,1.666967736,1.791179551,1,1
0,41,8,1,0,1,1,11171.613,2.428047322,2.934421697,1,1
0,39,5,1,0,1,1,13427.419,0.810774889,0.857654909,1,1
0,39,5,1,0,1,1,13427.419,2.699663083,2.674195371,1,1
0,39,5,1,0,1,1,13427.419,2.357014442,2.320276011,1,1
0,25,11,1,0,0,1,11637.097,1.641825613,1.837889972,0,1
0,19,11,0,0,0,1,4654.8387,2.237487616,2.785530201,1,1
0,23,6,0,0,1,1,7161.2903,1.734446678,1.979780805,1,1
0,38,9,1,0,1,1,7941.871,1.301335229,1.432984126,1,1
0,50,9,1,0,1,1,7469.2258,1.141168225,0.52811517,1,1
0,18,11,0,0,0,1,32270.565,1.812039492,2.504475149,1,1
0,22,11,1,0,1,1,6187.3548,1.798328599,2.26580993,1,1
0,19,10,1,0,0,1,3437.4194,1.639850231,1.615214691,1,1
0,25,10,1,0,1,1,4282.4516,0.744175379,0.90752583,1,1
0,47,6,1,0,1,1,4296.7742,1.496002763,1.330779595,1,1
0,47,4,0,0,1,1,8593.5484,0.695656129,0.170727428,1,1
0,51,7,0,0,1,1,8951.6129,0.834277748,-0.059136911,1,1
0,19,9,0,0,1,1,6087.0968,1.867775507,2.231371731,1,1
0,24,8,1,0,1,1,5370.9677,1.457915921,1.499742436,1,1
0,19,10,0,0,0,1,4296.7742,1.546147965,1.736121456,1,1
0,44,11,1,0,0,1,6266.129,1.153932242,0.93118944,0,0
0,52,8,0,0,1,1,0,2.213525175,1.776618832,1,1
0,20,9,0,0,1,1,8951.6129,0.449798769,-0.129486043,1,1
0,24,11,1,0,1,1,0,1.697811628,1.537436051,1,1
0,19,11,1,0,1,1,7590.9677,1.583330405,1.827322085,1,1
0,22,11,1,0,0,1,13427.419,2.042445863,2.546727523,1,1
0,30,6,1,0,1,1,0,1.834401034,1.691996485,0,0
0,50,10,1,0,1,1,0,1.026143303,0.406413312,0,0
0,20,8,0,0,0,1,3584.2258,2.00339909,2.276600476,1,1
0,26,8,1,0,1,1,4296.7742,1.278506332,1.397836934,1,1
0,46,6,1,0,0,1,9678.4839,0.912264439,0.656089677,1,1
0,38,10,1,0,1,1,0,1.569480334,1.404181272,0,1
0,25,8,0,0,1,1,0,1.785311284,1.777204704,1,1
0,24,9,1,0,0,1,5370.9677,1.553194769,1.567666366,1,1
0,55,3,1,0,1,1,5370.9677,0.470835839,-0.211833335,1,1
0,40,5,1,0,1,1,5370.9677,2.209663793,2.131464702,1,1
0,25,9,1,0,1,1,6266.129,2.304647829,2.624512168,1,1
0,43,7,1,0,1,1,6815.7581,1.805503428,1.775726552,1,1
0,18,11,1,0,0,1,6932.129,1.183615027,1.343873495,1,1
0,28,7,1,0,1,1,8142.3871,1.549667541,1.667607446,1,1
0,52,4,1,0,1,1,11637.097,1.752397287,1.456616349,1,1
0,22,8,1,0,1,1,12030.968,2.007155008,2.253920854,1,1
0,34,7,1,0,1,1,12532.258,1.804852288,2.065619533,1,1
0,25,9,0,0,0,1,13427.419,0.984589074,1.140256689,1,1
0,43,10,0,0,1,1,17903.226,-0.074024342,-0.5806163,1,1
0,31,9,1,0,1,1,5621.6129,1.585074755,1.769156223,1,1
0,27,8,1,0,0,1,6624.1935,2.204351359,2.673685279,1,1
0,22,11,0,0,1,1,5818.5484,1.292768615,1.831586821,1,1
0,32,11,1,0,1,1,0,2.131753271,2.163725325,1,1
0,49,5,1,0,0,1,5729.0323,1.878954909,1.709097524,1,1
0,55,8,0,0,1,1,3820.5484,1.872037348,1.274515224,1,1
0,20,11,0,0,1,1,5370.9677,1.287613787,1.684625437,1,1
0,33,8,1,0,1,1,8579.2258,0.871017862,0.983992305,1,1
0,22,11,0,0,1,1,1790.3226,1.927174549,2.250560301,1,1
0,26,8,1,0,1,1,3580.6452,1.997703067,2.281086688,1,1
0,20,10,1,0,1,1,6831.871,1.387324287,1.536658558,1,1
0,45,2,0,1,1,1,7161.2903,1.441199547,1.277745668,1,1
0,45,8,1,0,1,1,9537.0484,1.444872917,1.275291715,1,1
0,33,11,1,0,1,1,11637.097,1.034869041,1.278415208,0,0
0,41,3,1,0,1,1,3222.5806,1.947542006,1.94469594,1,1
0,25,7,1,0,1,1,10741.935,1.860397792,1.994280513,1,1
0,35,11,1,0,1,1,8557.7419,1.668465779,2.097339703,1,1
0,35,11,1,0,1,1,8557.7419,1.320136491,1.623086087,1,1
0,29,10,0,0,1,1,0,1.82487779,1.854757338,0,0
0,41,4,1,0,0,1,5370.9677,2.476937508,2.261875084,1,1
0,36,6,1,0,0,1,7447.7419,1.374830676,1.159476916,1,1
0,52,5,1,0,1,1,4296.7742,2.02737011,1.747491725,1,1
0,52,5,1,0,1,1,4296.7742,3.028596647,2.860881515,1,1
0,41,10,0,1,1,1,9134.2258,0.335463635,0.006336471,1,1
0,29,10,1,0,1,1,8122.6935,0.753758598,0.869163403,1,1
0,42,10,1,0,0,1,1718.7097,1.067917597,0.949723886,0,0
0,22,11,1,0,1,1,5012.9032,0.774010457,0.883879303,1,1
0,27,11,1,0,1,1,5370.9677,0.765956715,0.872423332,1,1
0,42,5,1,0,1,1,7161.2903,1.423518028,1.380480245,1,1
0,42,5,1,0,1,1,7161.2903,0.750551972,0.616709904,1,1
0,49,5,0,0,1,1,8056.4516,1.217702908,0.674585275,1,1
0,28,9,1,0,1,1,8235.4839,1.837172979,2.240452451,1,1
0,45,9,1,0,1,1,8951.6129,0.458461973,-0.150407512,1,1
0,45,6,1,0,1,1,8951.6129,2.585567396,2.42236772,1,1
0,39,8,0,0,1,1,9846.7742,0.892279134,0.784888865,0,1
0,34,9,1,0,1,1,11211,1.751033571,2.066310078,1,1
0,22,11,0,0,1,1,13964.516,0.295219645,0.395127064,1,1
0,32,10,0,0,1,1,16112.903,0.607234828,0.940099996,1,1
0,49,5,1,0,1,1,7698.3871,0.918161788,0.520426563,1,1
0,27,7,1,0,1,1,7161.2903,2.125101801,2.413450651,1,1
0,21,11,1,0,1,1,4848.1935,1.560847451,1.785655026,1,1
0,40,11,0,0,1,1,0,1.743092342,1.658666131,1,1
0,26,8,0,0,1,1,7447.7419,0.28342607,0.404166933,1,1
0,33,10,0,0,1,1,2619.2419,-0.015611291,-0.166506115,0,0
0,54,6,1,0,1,1,0,2.257966619,2.083445055,0,0
0,40,9,1,0,1,1,6572.2742,0.579270421,0.499734973,1,1
0,27,8,0,0,1,1,7698.3871,1.373735441,1.631928705,1,1
0,41,5,1,0,1,1,10741.935,0.861927272,0.743210492,1,1
0,29,10,1,0,1,1,8325,1.586323746,1.929637495,1,1
0,29,10,1,0,1,1,10892.323,0.577958367,0.365814699,1,1
0,26,10,1,0,1,1,0,2.119956948,2.24704005,1,1
0,25,10,0,1,1,1,8056.4516,1.513833114,1.885515674,1,1
0,40,8,1,0,1,1,8056.4516,0.897683485,0.756469215,1,1
0,40,7,1,0,1,1,8951.6129,1.742406535,1.774528876,1,1
0,49,7,1,0,0,1,11270.081,1.813072708,1.616828905,1,1
0,46,9,0,0,1,1,14322.581,-0.159655181,-0.989984873,1,1
0,50,8,1,0,1,1,9846.7742,0.721098844,0.047796824,1,1
0,24,8,1,0,1,1,13033.548,0.462042942,0.555873723,1,1
0,23,9,0,0,1,1,0,2.01692019,2.093113722,1,1
0,24,10,1,0,1,1,6624.1935,0.822506684,0.700805109,1,1
0,20,10,0,1,1,1,8951.6129,1.4430476,1.705360886,1,1
0,30,11,1,0,1,1,8808.3871,0.800216933,0.970901047,1,1
0,47,4,0,0,1,1,20884.113,1.647890182,1.442205161,1,1
0,26,10,1,0,1,1,4923.3871,1.26326752,1.414600745,1,1
0,50,5,1,0,1,1,10136.806,1.458709502,1.204062167,1,1
0,49,11,0,0,1,1,11637.097,0.318185507,-0.371443494,1,1
0,27,10,0,0,1,1,11812.548,0.740979289,1.118204666,1,1
0,28,8,0,0,1,1,14322.581,1.049545025,1.368895132,1,1
0,22,10,1,0,1,1,9023.2258,1.650877308,2.000857868,1,1
0,40,7,1,0,1,1,8674.1129,0.570722225,0.309835669,1,1
0,52,5,1,0,1,1,1074.1935,2.212256727,1.965500237,0,0
0,34,10,0,0,1,1,2327.4194,0.855190149,1.066690924,1,1
0,38,7,0,0,1,1,5370.9677,0.158475754,0.016652694,1,1
0,49,5,1,0,1,1,5370.9677,1.564184906,1.306703953,0,0
0,20,10,1,0,1,1,5370.9677,1.605414472,1.771095088,1,1
0,44,5,1,0,1,1,8951.6129,1.567075805,1.483856578,1,1
0,34,9,1,0,1,1,8951.6129,1.362568366,1.563896352,1,1
0,46,9,1,0,0,1,9309.6774,2.29478029,2.383034782,1,1
0,47,4,1,0,0,1,10741.935,2.397845074,2.300087728,1,1
0,24,11,1,0,1,1,10741.935,0.466974724,0.396562943,1,1
0,39,5,1,0,1,1,10741.935,2.04954862,2.102258601,1,1
0,32,11,1,0,0,1,14322.581,1.981950305,2.255265607,1,1
0,43,11,0,0,1,1,21483.871,-0.132089637,-0.640477984,1,1
0,24,11,0,0,1,1,24885.484,0.975271382,1.502566928,1,1
0,37,7,0,0,1,1,29719.355,2.003490361,2.373835217,1,1
0,23,11,1,0,1,1,6266.129,1.858543673,2.219900104,1,1
0,21,11,0,1,1,1,4114.1613,1.449333676,1.720850422,1,1
0,39,11,1,0,1,1,11637.097,1.223592728,1.403715309,1,1
0,27,6,0,0,1,1,11637.097,1.387518597,1.646922234,1,1
0,41,10,1,0,1,1,14757.629,0.772530209,0.60478431,1,1
0,32,10,1,0,0,1,8951.6129,1.219710872,1.33426519,0,1
0,40,5,1,0,1,1,12174.194,2.574086977,2.723434518,0,1
0,37,11,1,0,1,1,13964.516,0.078272679,-0.184063413,1,1
0,37,11,1,0,1,1,13964.516,1.491918239,1.992882433,1,1
0,50,11,1,0,0,1,17903.226,1.354257082,0.829193635,1,1
0,47,8,0,1,1,1,7161.2903,0.190577882,-0.826807927,1,1
0,29,10,1,0,1,1,7304.5161,1.403842495,1.67430531,1,1
0,19,10,0,0,1,1,6982.2581,0.052530767,-0.285156022,1,1
0,44,6,0,0,1,1,13427.419,1.340906771,1.090201748,1,1
0,28,7,1,0,1,1,8260.5484,2.063640831,2.262647527,1,1
0,25,10,0,0,1,1,8647.2581,0.434212643,0.536470457,1,1
0,39,9,1,0,1,1,9667.7419,1.147714653,1.163200153,1,1
0,39,9,1,0,1,1,9667.7419,2.187845823,2.488342052,1,1
0,34,8,1,0,1,1,12532.258,1.040939944,1.139887529,1,1
0,39,7,0,0,1,1,17545.161,-0.203994716,-0.615965662,0,0
0,53,7,1,0,1,1,17525.468,2.340120937,2.026755617,1,1
0,53,7,1,0,1,1,17525.468,2.631054851,2.586799915,1,1
0,28,8,0,0,1,1,10382.081,0.940210664,1.188457555,1,1
0,49,10,1,0,1,1,0,2.277592317,1.986899733,1,1
0,49,10,1,0,1,1,0,2.419480742,2.195332563,1,1
0,47,6,1,0,1,1,8056.4516,1.165585102,0.79067433,0,1
0,30,9,1,0,1,1,8951.6129,1.063759512,1.186381106,1,1
0,31,9,1,0,1,1,8951.6129,1.998323877,2.33379612,1,1
0,29,8,0,0,1,1,8951.6129,2.100282623,2.447369427,1,1
0,44,7,1,0,1,1,10741.935,1.792214509,1.691040509,1,1
0,19,10,0,0,1,1,14322.581,0.614021241,0.76307319,1,1
0,42,6,0,1,1,1,22558.065,2.394311112,2.619847474,1,1
0,54,10,0,0,1,1,32225.806,-0.4008829,-1.64854602,1,1
0,48,10,1,0,1,1,5370.9677,0.781453035,0.120455062,1,1
0,27,11,1,0,1,1,3938.7097,1.334499206,1.625645522,1,1
0,22,11,1,0,0,1,7161.2903,2.159441766,2.465796219,1,1
0,33,10,0,0,1,1,12174.194,0.793594571,1.081133974,1,1
0,37,8,0,0,1,1,13427.419,0.792526945,0.852585517,1,1
0,22,11,1,0,0,1,5191.9355,1.8033283,2.010427961,1,1
0,21,11,0,0,0,1,5370.9677,1.340081851,1.62794981,1,1
0,23,9,0,0,1,1,11995.161,1.298828432,1.779613152,1,1
0,35,8,0,0,1,1,18796.597,-1.291081924,-2.007063251,1,1
0,31,8,0,0,1,1,19335.484,0.459268877,0.518289928,1,1
0,26,6,1,0,1,1,9807.3871,1.840626065,1.971404392,1,1
0,22,9,1,0,1,1,10419.677,1.049496254,1.26160192,1,1
0,33,6,1,0,1,1,5958.1935,1.816626969,1.932028692,1,1
0,27,9,0,0,1,1,2327.4194,0.972561064,1.171138334,1,1
0,34,11,1,0,0,1,2148.3871,2.095576727,2.406805364,1,1
0,23,11,1,0,1,1,5818.5484,2.149371379,2.546895247,1,1
0,25,9,1,0,0,1,7161.2903,1.519934699,1.596706254,1,1
0,28,9,1,0,1,1,7161.2903,1.332147246,1.513406851,1,1
0,46,10,0,0,1,1,7161.2903,0.070671818,-0.639300319,1,1
0,46,10,0,0,1,1,7161.2903,-0.165432908,-1.002712338,1,1
0,53,2,0,0,1,1,8593.5484,1.752520722,1.235025017,0,0
0,48,8,0,0,1,1,8844.1935,-0.039941909,-1.034800458,1,1
0,48,8,0,0,1,1,8844.1935,-0.346529346,-1.261624813,1,1
0,35,11,1,0,1,1,8951.6129,1.000788934,1.318986965,0,1
0,29,10,1,0,1,1,9780.5323,1.54504387,1.864607474,1,1
0,43,9,0,0,1,1,10741.935,-0.304947646,-0.930981967,1,1
0,42,8,1,0,1,1,10741.935,1.81230727,1.875720788,1,1
0,47,11,1,0,1,1,10741.935,0.266592781,-0.606715333,1,1
0,34,10,0,0,1,1,12174.194,0.301106521,0.281979855,1,1
0,39,10,1,0,0,1,12532.258,1.727081918,1.864513077,1,1
0,43,8,1,0,1,1,12532.258,1.18373798,1.049426316,1,1
0,43,8,1,0,1,1,12532.258,1.52819881,1.434714275,1,1
0,28,10,1,0,1,1,15217.742,0.902054448,0.980732234,1,1
0,47,11,1,0,1,1,16053.823,0.393749652,-0.315973667,0,0
0,45,0,0,1,1,1,16112.903,1.702106602,1.541009776,1,1
0,53,4,1,0,1,1,8951.6129,1.313274571,0.85077923,1,1
0,54,4,1,0,0,1,10965.726,1.768352686,1.501315026,1,1
0,41,9,0,0,1,1,12890.323,-0.95084748,-1.642313455,1,1
0,44,7,1,0,1,1,14566.065,1.084813739,0.904617591,1,1
0,51,8,0,0,1,1,1546.8387,0.842705064,-0.098048857,0,0
0,26,10,0,0,0,1,14322.581,0.943969829,1.212014342,1,1
0,53,4,0,0,1,1,2660.4194,1.396135987,0.671533471,1,1
0,30,9,0,0,1,1,11493.871,0.546941334,0.705735049,1,1
0,54,3,1,0,1,1,9606.871,2.169425918,1.807863221,1,1
0,53,8,0,0,1,1,0,2.185716131,1.901348808,1,1
0,34,10,1,0,1,1,11637.097,0.526463163,0.540732962,1,1
0,48,5,1,0,1,1,13606.452,1.077120925,0.499109076,1,1
0,45,11,0,0,1,1,21483.871,-1.102360963,-1.905600254,0,0
0,45,11,0,0,1,1,21483.871,-0.72763332,-1.383798548,0,0
0,49,6,0,1,1,1,16470.968,0.984823126,0.304269033,1,1
0,49,6,0,1,1,1,16470.968,0.685196928,-0.114112362,1,1
0,22,11,1,0,1,1,21483.871,0.411163843,0.488812798,1,1
0,25,10,1,0,1,1,8951.6129,1.083866925,1.241431153,1,1
0,37,11,0,0,1,1,0,1.653458695,1.58755117,0,0
0,33,9,0,0,1,1,6266.129,0.944886902,1.064258075,1,1
0,33,9,0,0,1,1,6266.129,0.215162644,0.101647549,1,1
0,20,11,0,0,1,1,7161.2903,0.731777593,1.004499907,1,1
0,44,8,0,0,1,1,10312.258,-0.065572793,-0.844307223,1,1
0,53,6,1,0,1,1,10741.935,1.595242442,1.100150833,1,1
0,31,6,1,0,0,1,10741.935,1.31048405,1.508355927,1,1
0,28,9,0,0,1,1,12532.258,1.081182426,1.389115953,1,1
0,25,11,0,0,1,1,21483.871,-0.89468139,-0.938290928,1,1
0,50,6,1,0,1,1,4092.6774,1.406638367,1.039669472,0,0
0,35,7,0,0,1,1,12711.29,0.982343596,1.087104297,1,1
0,35,7,0,0,1,1,12711.29,0.909341229,1.023730637,1,1
0,31,11,1,0,1,1,14859.677,2.246566304,2.973021196,1,1
0,21,9,1,0,0,1,16327.742,1.895198459,2.048757544,1,1
0,36,11,1,0,1,1,12532.258,-0.022975783,-0.206812542,1,1
0,40,10,1,0,1,1,19693.548,0.644070757,0.48604573,1,1
0,30,8,0,0,1,1,17903.226,-0.530953596,-0.67076271,1,1
0,44,9,1,0,1,1,14644.839,0.942251276,0.664066786,1,1
0,41,9,0,0,1,1,13964.516,-0.377852388,-1.017530849,1,1
0,40,10,0,0,0,1,10741.935,1.254054808,1.291347507,1,1
0,20,11,0,0,0,1,6194.5161,1.028742579,1.22447376,1,1
0,19,11,0,0,1,1,6416.5161,1.01958809,1.313654398,1,1
0,39,7,0,0,1,1,6624.1935,0.505166215,0.160515322,0,0
0,46,8,1,0,1,1,7089.6774,2.405602272,2.039149824,0,0
0,22,11,0,0,1,1,8593.5484,0.562571558,0.83729389,1,1
0,37,11,0,0,1,1,9259.5484,1.231579534,1.537515165,0,0
0,48,6,1,0,0,1,11637.097,2.141788047,2.020233772,1,1
0,52,10,0,0,1,1,12174.194,0.459386461,-0.496620646,1,1
0,50,7,1,0,1,1,12532.258,1.674761602,1.335320086,1,1
0,50,7,1,0,1,1,12532.258,1.691474444,1.341388152,1,1
0,26,11,1,0,1,1,13248.387,0.174278991,-0.148789286,1,1
0,31,11,0,0,1,1,13785.484,-0.177288469,-0.241526762,1,1
0,21,10,0,0,1,1,14080.887,1.373324382,1.95821137,1,1
0,52,8,0,0,1,1,14322.581,0.559812691,-0.519269404,1,1
0,30,10,1,0,0,1,14322.581,0.783201487,0.917613158,1,1
0,20,11,0,0,0,1,14322.581,1.249679346,1.537446239,1,1
0,52,5,0,0,1,1,14322.581,2.288151825,1.982879415,1,1
0,45,3,0,1,1,1,16112.903,2.169666978,2.206873633,1,1
0,46,10,1,0,1,1,16112.903,0.706439861,0.208010557,1,1
0,32,7,0,0,1,1,17008.065,1.580888896,1.761191875,1,1
0,50,7,1,0,1,1,17903.226,1.097992503,0.655478645,1,1
0,28,6,0,0,1,1,6395.0323,0.366775944,0.278071472,1,1
0,33,10,1,0,0,1,13964.516,0.810216285,0.822740035,1,1
0,53,5,1,0,1,1,2660.4194,2.726808591,2.60653887,1,1
0,44,9,0,0,1,1,13905.435,-0.027576398,-0.630257269,1,1
0,28,11,0,0,1,1,10741.935,0.104296337,0.194295196,1,1
0,53,8,0,0,1,1,14322.581,0.455203227,-0.769726991,1,1
0,53,7,0,0,1,1,14322.581,1.961058413,1.536140816,1,1
0,52,4,0,0,1,1,15074.516,2.49759608,2.292747909,1,1
0,23,11,0,1,1,1,8414.5161,2.086215868,3.051067651,1,1
0,25,9,0,0,1,1,12890.323,0.801602727,1.048381908,1,1
0,54,8,0,1,1,1,0,2.017644937,1.616552836,1,1
0,54,8,0,1,1,1,0,1.179451229,0.667297546,1,1
0,40,10,0,0,1,1,24169.355,0.907613765,1.00018039,1,1
0,40,10,0,0,1,1,24169.355,-1.028992509,-1.559329458,1,1
0,21,11,0,0,1,1,11458.065,0.904545862,1.298501386,0,0
0,51,8,0,0,1,1,21752.419,-0.458914902,-1.746863286,0,0
0,24,10,1,0,1,1,10741.935,1.057623721,1.233834873,1,1
0,46,8,0,0,1,1,10741.935,-0.159402571,-1.022001314,1,1
0,55,3,1,0,1,1,13463.226,1.560191983,0.988136422,1,1
0,41,10,1,0,0,1,15253.548,0.829708163,0.693058588,1,1
0,25,11,1,0,1,1,6624.1935,0.957858071,1.119020055,1,1
0,39,8,0,0,1,1,12532.258,1.085273132,1.031472851,1,1
0,19,8,0,0,1,1,12532.258,0.829029051,0.953149941,1,1
0,23,11,1,0,1,1,13427.419,1.327361718,1.689353838,1,1
0,49,10,0,0,1,1,14322.581,0.861584477,0.374684391,1,1
0,38,11,0,0,1,1,14322.581,-0.653538977,-0.975579898,1,1
0,42,11,1,0,0,1,15217.742,0.522826185,0.140338604,1,1
0,24,11,0,0,1,1,15575.806,0.355616974,0.572636027,1,1
0,36,7,1,0,1,1,15754.839,2.011481571,2.326424767,1,1
0,39,6,1,0,1,1,16470.968,1.6332931,1.681623326,1,1
0,20,11,0,0,1,1,17008.065,0.497764563,0.811013749,0,0
0,31,10,0,0,1,1,12532.258,0.580207041,0.778209886,1,1
0,29,9,0,0,1,1,19693.548,-0.146246335,-0.272728141,1,1
0,53,9,1,0,1,1,13697.758,1.555316416,0.995743501,1,1
0,45,4,0,0,1,1,13586.758,1.465923416,1.333114805,1,1
0,28,9,0,0,0,1,13248.387,0.954564874,1.16732326,1,1
0,53,8,1,0,1,1,15649.21,0.900182366,-0.134229408,1,1
0,43,3,0,0,1,1,15933.871,0.702277447,0.418249925,1,1
0,50,7,0,0,1,1,15933.871,1.148634441,0.466967964,1,1
0,50,7,0,0,1,1,15933.871,1.692622058,1.190472061,1,1
0,31,8,1,0,1,1,10851.145,1.037031005,1.253898658,1,1
0,34,11,0,0,1,1,0,1.768903529,1.800813181,1,1
0,46,8,0,0,0,1,13158.871,-0.61234601,-1.790999043,1,1
0,20,9,0,0,1,1,15933.871,0.900293392,1.053734713,1,1
0,30,9,0,0,1,1,7877.4194,0.65471047,0.827810267,1,1
0,34,6,0,1,1,1,16112.903,0.671608348,0.691409919,1,1
0,27,9,0,0,1,1,16470.968,0.16166379,0.207809326,1,1
0,19,11,1,0,0,1,10741.935,1.505994834,1.536632627,0,1
0,49,8,0,1,0,1,1074.1935,1.726414469,1.352209434,0,0
0,31,11,1,0,0,1,4316.4677,1.246767331,1.406722706,1,1
0,25,11,1,0,0,1,6982.2581,0.304043497,0.400652082,1,1
0,23,11,1,0,1,1,8414.5161,0.126072581,0.087475497,1,1
0,18,10,0,1,1,1,10741.935,1.226687139,1.328135333,1,1
0,34,10,1,0,0,1,12532.258,1.585384772,1.715156143,1,1
0,46,4,0,0,1,1,14322.581,-0.683478397,-2.04705868,1,1
0,46,7,0,0,1,1,14680.645,0.257423895,-0.418673472,1,1
0,53,6,0,0,1,1,15217.742,0.579681072,-0.561748128,1,1
0,54,7,0,0,1,1,16112.903,1.941361281,1.315647443,1,1
0,37,9,1,0,1,1,16112.903,0.77654514,0.754094992,1,1
0,24,9,0,0,1,1,16112.903,1.168824364,1.550655228,1,1
0,53,6,1,0,1,1,16112.903,1.655708151,1.172413365,1,1
0,21,10,0,0,1,1,16112.903,-0.174389769,-0.664258535,1,1
0,35,10,1,0,1,1,16470.968,1.274119191,1.58014745,1,1
0,54,2,1,0,1,1,16990.161,2.002049783,1.741620873,1,1
0,43,10,0,0,1,1,17903.226,0.167687295,-0.21708562,1,1
0,46,8,0,0,1,1,17903.226,3.158288044,3.265553446,1,1
0,35,11,1,0,1,1,17903.226,-0.461083679,-1.429752112,0,0
0,50,8,0,0,1,1,18109.113,1.747486435,1.456140402,1,1
0,47,10,0,0,1,1,19693.548,-0.307595007,-1.102492391,1,1
0,47,10,0,0,1,1,19693.548,0.093979892,-0.626005126,1,1
0,21,9,0,0,1,1,19693.548,1.059982681,1.379450411,1,1
0,18,10,0,0,1,1,21483.871,0.88747376,1.177982177,1,1
0,37,8,0,0,1,1,26317.742,-0.091508871,-0.255063236,1,1
0,41,7,1,0,1,1,32225.806,1.428273172,1.471729119,1,1
0,31,11,0,0,1,1,15602.661,-0.757917985,-1.114837298,1,1
0,35,10,0,0,1,1,16148.71,0.538085193,0.635638038,1,1
0,51,8,1,0,1,1,5800.6452,1.182069973,0.556209423,0,0
0,30,7,1,0,1,1,15387.823,0.758414689,0.852926563,1,1
0,30,11,0,0,1,1,17989.161,-0.29426637,-0.367138045,1,1
0,30,11,0,0,1,1,17989.161,0.829534841,1.308856205,1,1
0,53,4,1,0,1,1,984.67742,1.632920701,1.257868915,0,1
0,24,10,0,0,1,1,20767.742,0.860181967,1.25575516,1,1
0,48,8,1,0,1,1,11637.097,0.830767259,0.243417383,1,1
0,48,8,1,0,1,1,11637.097,1.691178618,1.541544222,1,1
0,47,6,1,0,1,1,14412.097,2.020126587,1.887096647,1,1
0,45,4,0,1,1,1,28108.065,2.362901104,2.598336434,1,1
0,47,8,1,0,1,1,17129.806,1.056932268,0.675998795,1,1
0,47,8,1,0,1,1,17129.806,1.664497775,1.41438149,1,1
0,31,11,1,0,1,1,19693.548,0.756463071,0.970474493,1,1
0,46,8,0,0,1,1,16112.903,1.309711342,1.124602586,1,1
0,22,11,0,0,0,1,3759.6774,0.918833467,1.049234356,0,1
0,21,11,0,0,1,1,13427.419,1.218722931,1.727147273,1,1
0,33,10,0,0,1,1,16112.903,0.012663049,-0.074561893,1,1
0,28,9,0,0,1,1,17158.452,0.587523918,0.811222356,1,1
0,20,10,0,0,1,1,11995.161,1.122759647,1.468530981,1,1
0,47,11,0,0,1,1,15409.306,-0.100609562,-0.828224286,1,1
0,23,11,0,0,1,1,11986.21,0.564458682,0.831126473,1,1
0,35,10,1,0,0,1,14322.581,1.377016612,1.546020428,1,1
0,25,7,1,0,0,1,16137.968,2.641092946,2.924928091,1,1
0,23,11,1,0,1,1,10741.935,1.751743906,2.183010328,1,1
0,31,8,0,0,1,1,15754.839,1.262415231,1.58473551,1,1
0,55,8,1,0,1,1,17903.226,1.027852348,-0.045183224,1,1
0,33,11,1,0,1,1,15844.355,0.107367379,-0.033546029,1,1
0,31,9,1,0,0,1,13427.419,2.100177009,2.135569995,1,1
0,34,7,0,0,0,1,20481.29,1.865900449,1.948663166,1,1
0,22,11,0,0,1,1,0,2.428148768,2.812022464,1,1
0,21,9,0,0,1,1,3202.8871,0.984672457,1.231139432,1,1
0,42,8,1,0,0,1,10562.903,1.37646567,1.355570668,0,0
0,46,10,0,1,1,1,10741.935,-0.706268514,-1.723152091,1,1
0,23,9,1,0,1,1,12532.258,1.312859398,1.481465015,1,1
0,33,8,0,0,1,1,12890.323,1.406342745,1.521986475,1,1
0,43,11,1,0,1,1,14322.581,0.28014402,-0.325389711,1,1
0,43,11,1,0,1,1,14322.581,0.795015874,0.715456766,1,1
0,29,8,0,0,1,1,16112.903,0.676695781,0.849564528,1,1
0,35,9,0,0,1,1,16112.903,0.499418384,0.510093029,1,1
0,50,9,1,0,1,1,16112.903,0.34423838,-0.5379999,1,1
0,18,9,0,0,1,1,16112.903,1.380713803,1.666933347,1,1
0,44,11,0,0,1,1,16470.968,-2.390304806,-3.630597464,1,1
0,34,6,0,0,1,1,17903.226,0.818223484,0.910710339,1,1
0,26,8,0,0,1,1,18440.323,-0.011903798,-0.001083473,1,1
0,47,10,0,0,1,1,19693.548,0.735817371,0.086941298,1,1
0,25,11,1,0,1,1,21483.871,1.442155665,1.920850051,1,1
0,44,8,1,0,1,1,21483.871,1.360860112,1.310074937,1,1
0,36,10,1,0,0,1,21483.871,1.87646324,1.998096489,1,1
0,40,2,1,0,1,1,13427.419,1.235151896,1.189684627,1,1
0,46,11,0,0,1,1,16112.903,0.760183801,0.550456449,1,1
0,44,5,1,0,1,1,17903.226,2.293659307,2.230183734,1,1
0,38,9,0,0,1,1,7877.4194,0.216311152,-0.05437334,1,1
0,54,11,0,0,1,1,15754.839,0.85473411,-0.161890251,1,1
0,32,8,0,0,1,1,21483.871,-0.30146598,-0.449517253,1,1
0,23,10,0,0,1,1,21483.871,0.31407352,0.257349316,1,1
0,46,11,1,0,1,1,17903.226,0.09924061,-0.689089155,1,1
0,44,11,1,0,1,1,18588.919,0.107643621,-0.480298099,1,1
0,41,10,1,0,1,1,17366.129,-0.014723256,-0.528783426,1,1
0,44,8,0,0,1,1,18798.387,1.340334764,1.228120038,1,1
0,36,11,1,0,1,1,21483.871,0.360911093,0.250772236,1,1
0,23,8,0,0,1,1,25073.468,1.333839305,1.697385929,1,1
0,20,9,0,0,1,1,20767.742,0.899737341,1.089803504,1,1
0,46,3,1,0,1,1,14322.581,0.753649079,0.619442427,1,1
0,36,10,1,0,1,1,16112.903,0.967694637,1.060630241,1,1
0,40,10,0,0,1,1,17903.226,-1.410888839,-2.200587851,1,1
0,40,10,0,0,1,1,17903.226,-0.150150789,-0.528432249,1,1
0,27,8,1,0,1,1,22916.129,0.638435593,0.635219637,1,1
0,24,11,1,0,0,1,20230.645,2.577269887,2.828742362,1,1
0,34,11,1,0,1,1,17903.226,0.995432408,1.301781991,1,1
0,47,10,0,0,1,1,17903.226,-0.003230109,-0.747378289,1,1
0,47,10,0,0,1,1,17903.226,0.88406654,0.40958973,1,1
0,49,4,0,0,1,1,7161.2903,0.776020261,-0.004935443,1,1
0,35,9,0,0,1,1,17706.29,0.690820039,0.756697019,1,1
0,33,9,1,0,1,1,16112.903,1.254570862,1.44917234,1,1
0,51,11,0,0,1,1,6982.2581,0.168878629,-0.820784111,1,1
0,33,10,0,0,1,1,10741.935,0.994010413,1.319237666,1,1
0,20,7,1,0,1,1,11637.097,2.190010627,2.378756361,1,1
0,36,8,0,1,1,1,11995.161,1.143852319,1.248396479,1,1
0,36,8,0,1,1,1,11995.161,-0.122262876,-0.339140733,1,1
0,28,11,1,0,1,1,12890.323,0.44270497,0.537466741,1,1
0,44,6,1,0,1,1,14322.581,1.43840894,1.29927662,1,1
0,22,10,0,0,1,1,15217.742,0.93519323,1.285578089,0,0
0,50,10,0,0,1,1,15933.871,-0.821917627,-1.707337697,1,1
0,52,9,0,0,1,1,16112.903,1.942580508,1.818742921,1,1
0,25,5,1,0,1,1,16650,2.363979135,2.909709161,1,1
0,52,8,0,0,1,1,17903.226,0.991972347,0.019177427,1,1
0,38,8,0,0,1,1,17903.226,0.465220391,0.341164504,1,1
0,53,7,0,0,1,1,19693.548,0.604121611,-0.548802305,1,1
0,38,8,0,0,1,1,19693.548,-0.246197995,-0.77499548,1,1
0,38,8,0,0,1,1,19693.548,0.453862814,0.3223504,1,1
0,22,11,0,0,1,1,20588.71,0.772824067,1.131261829,1,1
0,41,9,0,0,1,1,21483.871,-0.729389673,-1.346527207,1,1
0,30,11,1,0,1,1,24547.113,0.911504109,1.201842263,1,1
0,24,10,0,0,1,1,25064.516,0.514795733,0.778427476,1,1
0,43,6,1,0,1,1,16112.903,0.339572559,-0.302901195,1,1
0,55,6,1,0,1,1,26854.839,0.911139447,-0.042576727,1,1
0,27,7,0,0,1,1,20409.677,0.807260978,0.986809535,1,1
0,23,10,0,0,1,1,21483.871,1.661413686,2.440742507,1,1
0,53,10,0,0,1,1,21483.871,0.37468113,-0.609500434,1,1
0,48,8,0,0,1,1,21483.871,-0.467705055,-1.613592425,1,1
0,53,10,1,0,1,1,15502.403,1.20821849,0.34162753,1,1
0,50,7,0,0,1,1,14322.581,-0.414042662,-1.783448667,0,1
0,40,11,1,0,1,1,16112.903,1.216453704,1.370962496,1,1
0,50,7,1,0,1,1,17008.065,1.115681223,0.517991872,1,1
0,38,9,1,0,1,1,22407.677,0.883323867,0.873680708,1,1
0,52,5,0,0,1,1,16112.903,2.039244877,1.696091465,1,1
0,36,10,0,0,1,1,17366.129,-0.782368182,-1.093204583,1,1
0,40,11,0,0,1,1,21483.871,-1.224885473,-1.868674489,1,1
0,38,11,0,0,1,1,21483.871,-0.798474143,-1.146395707,1,1
0,41,8,0,0,1,1,22379.032,1.073803549,1.006053792,1,1
0,43,11,0,0,1,1,31330.645,-1.428955697,-2.116533014,1,1
0,46,10,0,0,1,1,21338.855,-1.95043411,-3.16139279,1,1
0,53,8,0,0,1,1,22033.5,0.157944167,-1.131216148,1,1
0,25,10,0,0,1,1,23632.258,0.913156819,1.387628097,1,1
0,44,10,1,0,1,1,19190.468,1.422242393,1.40882557,1,1
0,44,10,1,0,1,1,19190.468,0.417108564,-0.098523265,1,1
0,37,8,0,0,1,1,14322.581,0.165707112,-0.018687333,1,1
0,34,10,1,0,1,1,10083.097,1.691896697,1.886727875,1,1
0,46,11,0,0,1,1,16112.903,-1.4797409,-2.498047466,1,1
0,48,6,1,0,1,1,16112.903,1.295056733,0.94788248,1,1
0,42,10,0,0,1,1,18798.387,0.012400247,-0.430091938,1,1
0,55,10,0,0,1,1,19693.548,0.475581295,-0.855461448,1,1
0,39,9,0,0,1,1,19693.548,-0.235299623,-0.668259736,1,1
0,41,10,1,0,1,1,20767.742,0.702899343,0.523494717,1,1
0,33,8,1,0,1,1,22379.032,0.154113445,-0.482755532,1,1
0,22,10,1,0,1,1,25064.516,1.066623123,1.207016606,1,1
0,25,8,0,0,1,1,25959.677,1.27085772,1.664818681,1,1
0,54,9,1,0,0,1,30435.484,0.875879262,-0.181329879,1,1
0,49,8,0,0,0,1,36316.694,0.897536644,0.245767518,1,1
0,35,10,0,0,1,1,23847.097,0.221886418,0.228011635,1,1
0,43,9,0,0,1,1,11565.484,-0.031623736,-0.637452523,1,1
0,39,7,0,0,1,1,24065.516,0.699613853,0.592434917,1,1
0,47,10,0,1,1,1,18977.419,-0.300894511,-1.279450202,1,1
0,51,10,0,0,1,1,23274.194,-0.187779851,-1.24253088,1,1
0,51,10,0,0,1,1,23274.194,0.388356459,-0.487505022,1,1
0,49,5,0,1,1,1,23274.194,1.448629968,0.990514148,1,1
0,48,11,0,0,1,1,19693.548,-0.674899473,-1.511356308,1,1
0,48,11,0,0,1,1,19693.548,-0.203497383,-0.946707572,1,1
0,30,10,1,0,1,1,0,2.074131093,2.157572195,1,1
0,31,9,0,0,1,1,21483.871,-1.186828116,-1.736447199,0,0
0,28,9,0,0,1,1,20767.742,1.2600041,1.929301976,1,1
0,49,10,0,0,1,1,23095.161,-0.374529401,-1.279265285,1,1
0,48,10,0,0,1,1,26854.839,0.108976322,-0.604527676,1,1
0,49,9,0,0,1,1,30435.484,1.056886303,0.504737364,1,1
0,49,4,1,0,1,1,28645.161,0.864269227,0.278727884,1,1
0,32,10,0,0,1,1,21483.871,-0.456400871,-0.593344779,1,1
0,30,11,0,0,1,1,20051.613,-0.164538333,-0.247939169,1,1
0,47,10,0,0,1,1,17903.226,-0.684826802,-1.539605583,1,1
0,31,10,0,0,1,1,2467.0645,1.677129198,2.343656498,1,1
0,48,10,0,0,1,1,2864.5161,-0.097308861,-1.121760605,0,0
0,28,11,0,0,1,1,5370.9677,0.151178229,0.151294514,1,1
0,33,10,1,0,1,1,12532.258,1.040020901,1.245825497,1,1
0,52,8,1,0,0,1,15217.742,0.880709314,0.107787218,1,1
0,53,5,0,0,1,1,17903.226,0.864467127,-0.16657533,1,1
0,42,6,0,0,1,1,17903.226,1.058970548,0.866053955,1,1
0,42,6,0,0,1,1,17903.226,0.58491496,0.244770677,1,1
0,42,6,0,0,1,1,17903.226,0.759482678,0.509823437,1,1
0,42,8,0,0,1,1,18798.387,-0.043728615,-0.54050253,1,1
0,30,9,0,0,1,1,19441.113,-0.474346595,-0.832543034,1,1
0,36,7,1,0,1,1,21483.871,1.54820914,1.67676139,1,1
0,54,8,0,0,1,1,21483.871,1.633869828,0.989208132,1,1
0,42,9,0,0,1,1,21841.935,0.094093568,-0.344956267,1,1
0,51,8,1,0,1,1,23274.194,1.356521919,0.773685964,1,1
0,24,10,0,0,1,1,25062.726,1.036814025,1.461170118,1,1
0,23,10,0,0,1,1,25064.516,-0.185429301,-0.084824878,1,1
0,50,8,0,0,1,1,25243.548,1.677251592,0.976061926,1,1
0,51,11,0,0,1,1,25780.645,-0.176831936,-1.131996151,1,1
0,51,8,0,0,1,1,26407.258,1.868265154,1.085637848,1,1
0,51,8,0,0,1,1,27019.548,-0.090602403,-1.303706731,1,1
0,30,10,0,0,1,1,28645.161,1.243472195,1.897010225,1,1
0,52,11,0,0,1,1,0,2.021186539,1.486232755,0,0
0,50,8,1,0,1,1,28913.71,1.507537227,1.096982305,1,1
0,29,10,0,0,1,1,26854.839,0.360659234,0.560693486,1,1
0,48,9,0,0,1,1,25064.516,-0.091674158,-0.972975947,1,1
0,30,9,0,0,1,1,23900.806,1.129437084,1.769056052,1,1
0,37,8,0,0,1,1,22823.032,0.485915755,0.409958068,1,1
0,28,11,0,0,1,1,24169.355,-1.088503403,-1.711828895,1,1
0,44,11,1,0,1,1,35806.452,-0.357234889,-1.280211401,1,1
0,44,11,1,0,1,1,35806.452,0.183630577,-0.389667538,1,1
0,54,3,0,0,1,1,19514.516,1.659707393,0.973227627,1,1
0,52,9,0,0,1,1,25064.516,0.182839875,-0.941726826,1,1
0,35,9,1,0,1,1,16829.032,1.925103668,1.934427687,1,1
0,32,10,0,0,1,1,27033.871,-1.349312024,-1.517057792,1,1
0,47,7,0,0,1,1,23811.29,0.66644276,0.0835654,1,1
0,30,11,0,0,1,1,26854.839,-1.093163506,-1.761131842,1,1
0,49,6,0,0,1,1,21841.935,1.370899613,0.978656861,1,1
0,48,8,0,0,1,1,0,1.732135893,1.385100685,1,1
0,32,9,0,0,1,1,1432.2581,1.088501836,1.34615833,1,1
0,44,6,0,0,1,1,7619.6129,0.400705084,-0.249641548,1,1
0,48,8,0,1,1,1,16112.903,1.827487065,1.516806191,1,1
0,52,7,1,0,0,1,17903.226,2.220436253,1.82272818,1,1
0,49,11,0,0,1,1,19693.548,0.038492851,-0.680176649,1,1
0,38,9,0,0,1,1,21483.871,0.027338223,-0.222133567,1,1
0,46,8,1,0,1,1,21483.871,1.534966547,1.327704665,1,1
0,40,8,0,0,1,1,21483.871,-0.152722272,-0.612596346,1,1
0,44,3,1,0,1,1,21483.871,2.110953744,2.101937106,1,1
0,40,10,1,0,0,1,23274.194,2.019445385,2.453996037,1,1
0,26,8,1,0,1,1,23274.194,2.11395194,2.485939552,1,1
0,49,11,0,0,1,1,25064.516,-0.824391722,-1.753687644,1,1
0,51,11,0,0,1,1,25064.516,-0.08204735,-0.977712683,1,1
0,44,8,0,0,1,1,26854.839,-0.67115866,-1.469919316,1,1
0,47,8,0,0,1,1,25064.516,0.789713451,0.209489308,1,1
0,49,8,0,0,1,1,22916.129,0.756672046,0.037538597,1,1
0,40,8,0,0,1,1,26138.71,-1.035438847,-1.668938841,1,1
0,48,10,0,0,0,1,26854.839,-0.215026464,-1.324619184,1,1
0,35,9,1,0,1,1,24169.355,0.7917776,0.868245031,1,1
0,44,6,0,1,1,1,3580.6452,1.200824076,0.954293174,0,0
0,42,11,0,0,1,1,22379.032,-1.032912127,-1.770538773,1,1
0,31,8,0,0,1,1,32225.806,0.78313254,1.052998074,1,1
0,46,11,0,0,1,1,29361.29,-0.26194714,-0.948733761,1,1
0,51,10,1,0,1,1,21483.871,0.666183278,-0.275829513,1,1
0,50,8,0,0,0,1,21125.806,0.469995413,-0.581334165,1,1
0,46,11,0,0,1,1,9846.7742,0.471713965,-0.053951036,1,1
0,51,10,1,0,1,1,25064.516,1.968311772,1.493170378,1,1
0,41,7,1,0,1,1,26708.032,0.929110455,0.873430209,1,1
0,39,8,1,0,1,1,26854.839,0.789336821,0.587694792,1,1
0,48,10,1,0,1,1,30435.484,0.954164936,0.43391165,1,1
0,48,10,1,0,1,1,30435.484,0.423979937,-0.351758152,1,1
0,50,10,0,0,1,1,32225.806,-0.238469348,-1.212763754,1,1
0,49,6,1,0,1,1,34016.129,2.002462303,1.713254587,1,1
0,49,8,0,0,1,1,25064.516,-1.036102488,-2.018528687,1,1
0,47,7,0,0,1,1,27929.032,1.527539087,1.230471566,1,1
0,42,9,0,0,1,1,23453.226,0.1262767,-0.313674982,1,1
0,42,9,0,0,1,1,23453.226,-0.269835292,-0.795687028,1,1
0,45,10,0,0,1,1,32225.806,-0.306928291,-0.955740331,1,1
0,55,10,0,0,1,1,28602.194,0.053485489,-1.253495295,1,1
0,40,11,0,0,1,1,12532.258,-1.318073951,-1.949984098,1,1
0,48,8,0,0,1,1,26317.742,1.288279967,1.030655591,1,1
0,36,10,0,1,1,1,28645.161,0.362126345,0.269070157,1,1
0,46,9,1,0,1,1,32225.806,1.088500989,0.855819217,1,1
0,46,10,0,0,1,1,19514.516,0.647139932,0.084183619,1,1
0,45,9,1,0,1,1,26854.839,0.368591256,-0.364595253,1,1
0,49,7,0,0,1,1,20767.742,1.04583102,0.402711552,1,1
0,37,10,0,0,1,1,27750,-0.332600972,-0.647773961,1,1
0,48,9,0,0,1,1,19693.548,0.725116255,0.161792661,1,1
0,37,11,1,0,1,1,21483.871,-0.578195553,-1.27049773,1,1
0,28,10,0,0,1,1,23274.194,0.267692492,0.411667224,1,1
0,36,11,1,0,0,1,25982.952,0.651811253,0.603319811,1,1
0,40,11,0,0,1,1,26407.258,-0.175944272,-0.473948941,1,1
0,44,10,0,0,1,1,26854.839,0.117092772,-0.447207281,1,1
0,47,10,1,0,1,1,26854.839,0.202560654,-0.653737134,0,0
0,47,10,1,0,1,1,26854.839,0.199644089,-0.708101034,0,0
0,30,11,0,1,1,1,26854.839,0.310369207,0.377634447,1,1
0,33,10,0,0,1,1,28645.161,-0.572285962,-0.915303686,1,1
0,48,9,0,0,1,1,32225.806,0.751188608,0.030869744,1,1
0,19,11,1,0,0,1,8806.5968,1.539183079,1.617876681,1,1
0,38,9,0,0,1,1,25064.516,-1.631143806,-2.892308302,1,1
0,42,9,0,0,0,1,19693.548,0.474622691,0.038106335,1,1
0,32,10,1,0,1,1,35806.452,0.272200236,0.194163315,1,1
0,55,11,0,0,1,1,31053.145,-1.232037919,-2.300374309,1,1
0,37,11,0,0,1,1,26854.839,-1.142870585,-1.571063262,1,1
0,21,10,0,0,1,1,10741.935,1.082851618,1.42793142,1,1
0,51,11,1,0,1,1,21483.871,1.41433032,0.880740243,1,1
0,42,6,1,0,1,1,28645.161,1.652217435,1.629464128,1,1
0,42,5,1,0,1,1,32225.806,1.20444284,1.163654179,1,1
0,52,11,0,0,1,1,33120.968,-0.052393802,-1.088569273,1,1
0,45,5,0,0,1,1,37596.774,0.601273564,0.047668431,1,1
0,49,8,0,0,1,1,37596.774,-0.290890964,-1.270720658,1,1
0,48,8,0,0,1,1,35795.71,-0.570205801,-1.53565354,1,1
0,48,8,0,0,1,1,35795.71,-1.004828821,-2.387210844,1,1
0,55,7,1,0,1,1,26854.839,1.134839216,0.232442362,1,1
0,55,7,1,0,1,1,26854.839,1.564758051,0.794684274,1,1
0,47,11,0,0,1,1,30435.484,-0.507172739,-1.247660798,1,1
0,51,8,0,0,1,1,27750,0.129315038,-1.014333452,1,1
0,54,11,0,0,1,1,32225.806,-0.91241957,-2.095432217,1,1
0,42,9,0,0,1,1,32225.806,0.508132092,0.253529414,1,1
0,42,9,0,0,1,1,32225.806,-1.12676998,-1.88247115,1,1
0,51,8,1,0,1,1,25064.516,1.774972911,1.269557444,1,1
0,55,2,1,0,1,1,20946.774,1.327829511,0.734638352,1,1
0,32,10,0,0,1,1,25064.516,-0.411199357,-0.689445668,1,1
0,38,8,0,0,1,1,35448.387,-0.962630537,-1.444122435,1,1
0,42,11,0,0,1,1,44758.065,-0.937810705,-1.481469562,1,1
0,49,8,0,0,1,1,28645.161,1.116351935,0.546260338,1,1
0,35,7,0,0,1,1,28287.097,0.98477603,1.103713018,1,1
0,46,11,0,0,1,1,30077.419,0.169509591,-0.537845057,1,1
0,46,11,0,0,1,1,30077.419,-0.125832213,-0.711261909,1,1
0,31,11,0,0,1,1,35806.452,-1.033491372,-1.223162536,1,1
0,52,10,0,0,1,1,17187.097,-0.211497304,-1.360912355,1,1
0,51,8,1,0,1,1,25064.516,0.606936665,-0.261908009,1,1
0,51,9,0,0,0,1,32225.806,1.596864339,1.220915561,1,1
0,52,8,1,0,1,1,33120.968,0.227255913,-1.026607643,1,1
0,49,6,0,0,1,1,33120.968,1.436307096,1.04170797,1,1
0,48,10,0,0,1,1,34911.29,0.494757817,-0.108754671,1,1
0,31,10,0,0,1,1,35806.452,1.449388839,2.018889643,1,1
0,42,11,0,0,1,1,44758.065,-0.870460629,-1.391019108,1,1
0,50,11,0,0,1,1,38563.548,0.006519972,-0.891906987,1,1
0,50,11,0,0,1,1,38563.548,0.983028836,0.676984655,1,1
0,37,10,0,0,1,1,17545.161,-0.438149252,-0.776963408,1,1
0,37,10,0,0,1,1,17545.161,-1.025194222,-1.616202586,1,1
0,55,11,0,0,1,1,37417.742,-1.725904876,-2.713917625,1,1
0,50,11,0,0,1,1,46548.387,-0.02118829,-0.769744085,1,1
0,41,8,1,0,1,1,32888.226,-0.222994416,-0.80656019,1,1
0,49,8,0,0,1,1,14322.581,0.242501534,-0.751164151,1,1
0,48,8,1,0,1,1,26854.839,1.436334022,1.105702135,1,1
0,48,8,1,0,1,1,26854.839,1.257117538,0.844442218,1,1
0,48,6,0,1,1,1,42967.742,1.372372011,0.90227564,1,1
0,48,6,0,1,1,1,42967.742,1.228023149,0.721939966,1,1
0,46,11,0,0,1,1,39387.097,0.347505449,-0.077306311,1,1
0,29,10,0,0,1,1,8951.6129,-0.200404782,-0.228500065,1,1
0,55,8,0,0,1,1,37972.742,-0.029258542,-1.484240364,1,1
0,32,10,0,0,1,1,39387.097,-0.514433044,-0.758882989,1,1
0,47,8,0,0,1,1,33837.097,0.89935079,0.50508977,1,1
0,32,8,0,0,1,1,67137.097,0.988457018,1.271479293,1,1
0,47,10,0,0,1,1,47968.113,0.008260716,-0.692687607,1,1
0,54,0,0,1,1,1,44220.968,2.622934331,2.243344468,1,1
0,40,8,0,0,1,1,55500,-0.895728377,-1.477678995,1,1
